x	y	color
0.581021456533193	1294	Uncharacterized molecules
0.564168021893892	1256	Uncharacterized molecules
0.547466372867027	1292	Uncharacterized molecules
0.5279739928965	1284	Uncharacterized molecules
0.487208397980916	1225	Uncharacterized molecules
0.459410599357599	1162	Xenobiotics
0.449431339663211	1227	Lipids
0.447769366509935	1125	Uncharacterized molecules
0.446452776791522	650	Xenobiotics
0.442135605996249	392	Xenobiotics
0.436248364597652	1228	Uncharacterized molecules
0.421768269789551	1250	Uncharacterized molecules
0.41684821245624	1117	Amino acids
0.415644769611212	1176	Peptides
0.398571958624038	1069	Xenobiotics
0.390279926294312	833	Uncharacterized molecules
0.386489056987089	1310	Xenobiotics
0.382357453758189	885	Uncharacterized molecules
0.380327810877631	1059	Uncharacterized molecules
0.379713799324388	829	Uncharacterized molecules
0.376020247889576	624	Cofactors and vitamins
0.374237985058333	1098	Amino acids
0.370529441728679	975	Uncharacterized molecules
0.364918461161789	1187	Amino acids
0.363394591335762	1087	Peptides
0.362183787673302	1303	Uncharacterized molecules
0.361853258861885	195	Lipids
0.361405601637057	1066	Lipids
0.360518359567871	1313	Xenobiotics
0.36021698991119	1249	Uncharacterized molecules
0.35765539278757	1052	Lipids
0.35704630639769	1153	Lipids
0.353631354920095	1190	Lipids
0.351334052070399	1342	Lipids
0.3468487782381	1070	Lipids
0.346441047453507	1050	Cofactors and vitamins
0.344158335725911	1064	Lipids
0.343844842354202	1042	Uncharacterized molecules
0.342563415467146	673	Uncharacterized molecules
0.33490318307782	814	Uncharacterized molecules
0.333912479641249	476	Lipids
0.332415372303063	1035	Uncharacterized molecules
0.323390240213602	486	Xenobiotics
0.322449888042128	596	Xenobiotics
0.322202184862635	789	Lipids
0.322039994255625	1059	Xenobiotics
0.319534650186524	776	Amino acids
0.31867012980277	575	Xenobiotics
0.312279922865262	1091	Cofactors and vitamins
0.311999884380055	587	Uncharacterized molecules
0.310256627447376	1111	Cofactors and vitamins
0.310015584787213	1022	Lipids
0.309913909487893	1291	Uncharacterized molecules
0.309838407373204	789	Uncharacterized molecules
0.30900429606096	559	Uncharacterized molecules
0.306092149307099	1106	Uncharacterized molecules
0.306055062307113	490	Uncharacterized molecules
0.305432369268114	883	Lipids
0.305162533039562	519	Xenobiotics
0.305113125401218	902	Lipids
0.304745793180519	960	Amino acids
0.298986779932695	739	Uncharacterized molecules
0.298924268975532	1207	Xenobiotics
0.298281541024993	327	Xenobiotics
0.296657814780156	1157	Xenobiotics
0.294920072562634	1178	Uncharacterized molecules
0.294286766595201	489	Xenobiotics
0.293404181077597	1187	Uncharacterized molecules
0.292557947859888	1071	Xenobiotics
0.289273248657981	946	Uncharacterized molecules
0.288587596168473	970	Amino acids
0.285128764268287	537	Xenobiotics
0.28474542292684	1101	Amino acids
0.283727004969729	765	Uncharacterized molecules
0.282770618823409	596	Uncharacterized molecules
0.281865497969891	194	Amino acids
0.280711069590641	445	Amino acids
0.279746214365916	968	Uncharacterized molecules
0.279283519517622	964	Uncharacterized molecules
0.278433529660287	184	Lipids
0.277854152393728	883	Uncharacterized molecules
0.276405120297698	996	Xenobiotics
0.275309300067559	643	Lipids
0.274593494008275	1047	Xenobiotics
0.271226388722071	1051	Lipids
0.271225832596626	783	Lipids
0.271014081087922	428	Carbohydrates
0.270589795319001	1005	Amino acids
0.270325585935885	747	Uncharacterized molecules
0.267859846886876	417	Xenobiotics
0.266390569148837	414	Xenobiotics
0.264313263336502	781	Uncharacterized molecules
0.263803252663382	411	Amino acids
0.263053983230302	590	Xenobiotics
0.26269209399554	955	Lipids
0.260812631715604	261	Amino acids
0.2605330468006	931	Amino acids
0.25969548355118	606	Xenobiotics
0.25907366766678	594	Lipids
0.25876304272837	423	Amino acids
0.256239986221857	321	Uncharacterized molecules
0.256010500399208	1171	Lipids
0.255917055401735	1072	Lipids
0.255032591585502	853	Cofactors and vitamins
0.254912637751624	993	Peptides
0.253055352695418	652	Xenobiotics
0.251964117038274	299	Lipids
0.250661009166342	1247	Uncharacterized molecules
0.248962738790634	995	Par. characterized molecules
0.247787089186156	608	Amino acids
0.247489102757494	231	Xenobiotics
0.247089186209017	738	Par. characterized molecules
0.245400633052123	1054	Lipids
0.245267661914515	874	Lipids
0.245072801490416	918	Lipids
0.243846864321243	521	Uncharacterized molecules
0.243438088712167	536	Uncharacterized molecules
0.243254669235754	131	Lipids
0.241639002833971	248	Xenobiotics
0.24095480708481	941	Xenobiotics
0.239657689638743	1042	Xenobiotics
0.2396524210046	469	Uncharacterized molecules
0.237710801345601	390	Xenobiotics
0.237518301046211	850	Xenobiotics
0.237361957446963	543	Lipids
0.237142741179579	587	Lipids
0.236926217555122	835	Lipids
0.236292578145224	942	Lipids
0.235377470408079	845	Uncharacterized molecules
0.235034768203164	393	Xenobiotics
0.234107148102752	521	Energy
0.234017372487413	826	Carbohydrates
0.233737995471766	732	Lipids
0.232528943258332	795	Xenobiotics
0.230865023149982	853	Xenobiotics
0.230123128933688	808	Lipids
0.230097733580637	366	Amino acids
0.229841541439495	753	Uncharacterized molecules
0.228841013087056	763	Uncharacterized molecules
0.228771121573477	598	Uncharacterized molecules
0.227612247894471	56	Cofactors and vitamins
0.226790117538326	758	Lipids
0.22675085579745	976	Xenobiotics
0.22644612234328	903	Peptides
0.226337924300967	981	Uncharacterized molecules
0.226046410780625	932	Lipids
0.225770852832467	530	Lipids
0.225345444785441	701	Lipids
0.224931185186438	1012	Lipids
0.224723628238869	737	Xenobiotics
0.224679551350313	845	Uncharacterized molecules
0.224570205845748	272	Uncharacterized molecules
0.224565604895017	1189	Xenobiotics
0.224013331281989	396	Xenobiotics
0.223673822738547	357	Uncharacterized molecules
0.223631619815136	899	Xenobiotics
0.223428626213389	293	Xenobiotics
0.223359124549039	254	Uncharacterized molecules
0.223284773043541	634	Uncharacterized molecules
0.223252369071109	428	Amino acids
0.222611215079158	600	Lipids
0.222207147769188	1232	Uncharacterized molecules
0.222011756819459	697	Lipids
0.221983663536223	301	Xenobiotics
0.221458179857433	508	Lipids
0.221429747109074	740	Lipids
0.221029407566861	442	Cofactors and vitamins
0.220284933116985	734	Xenobiotics
0.219802573363475	832	Xenobiotics
0.219096517860544	541	Uncharacterized molecules
0.217940062191149	696	Amino acids
0.217841733057395	362	Lipids
0.217701565415347	646	Amino acids
0.21762934651317	791	Lipids
0.217528962487091	827	Uncharacterized molecules
0.21745468092686	614	Uncharacterized molecules
0.216392110911069	636	Amino acids
0.216298591837492	827	Xenobiotics
0.216297874079923	491	Lipids
0.216275000202145	427	Lipids
0.215917454891531	613	Xenobiotics
0.215387625539659	987	Cofactors and vitamins
0.215276727578966	394	Uncharacterized molecules
0.215139057371788	540	Xenobiotics
0.214893219368251	958	Lipids
0.214824606289789	764	Amino acids
0.214791040323633	842	Uncharacterized molecules
0.214410049767034	471	Uncharacterized molecules
0.214378365923761	313	Amino acids
0.214281504009989	493	Xenobiotics
0.2140061812663	644	Lipids
0.213583697796402	781	Amino acids
0.213285956969925	462	Xenobiotics
0.213212694942231	645	Xenobiotics
0.212244490283036	771	Lipids
0.211832922625089	808	Lipids
0.211737283131191	395	Lipids
0.211360329249515	558	Uncharacterized molecules
0.211305607523528	802	Uncharacterized molecules
0.211014301449055	481	Lipids
0.210331433219222	661	Xenobiotics
0.20978960556609	594	Uncharacterized molecules
0.209590209556863	787	Lipids
0.209214937211735	961	Lipids
0.20901568723174	511	Xenobiotics
0.208925831315273	451	Xenobiotics
0.208836445876803	94	Uncharacterized molecules
0.208451401529586	418	Xenobiotics
0.208424639562843	599	Uncharacterized molecules
0.208417060786005	608	Uncharacterized molecules
0.207452436495745	430	Lipids
0.206832002971032	575	Xenobiotics
0.206458374183647	706	Xenobiotics
0.206342254176882	1078	Cofactors and vitamins
0.206289445523908	882	Amino acids
0.206105732953956	587	Lipids
0.205939338389724	284	Uncharacterized molecules
0.205529936063709	232	Lipids
0.205420413066643	77	Nucleotides
0.204703026803333	277	Lipids
0.204580486304341	25	Xenobiotics
0.204287788549449	624	Amino acids
0.204204292726565	298	Par. characterized molecules
0.203894710953017	870	Amino acids
0.203677270315197	357	Xenobiotics
0.203516076771976	422	Lipids
0.203348737578389	1088	Xenobiotics
0.203347054846811	739	Amino acids
0.203341957501164	806	Uncharacterized molecules
0.203156768956283	529	Xenobiotics
0.201988563618202	315	Lipids
0.201721365742551	843	Xenobiotics
0.201251519562834	954	Amino acids
0.200963603704071	548	Lipids
0.200919005686796	486	Lipids
0.200312448195565	535	Uncharacterized molecules
0.200235205802638	834	Xenobiotics
0.20004861393103	120	Uncharacterized molecules
0.199809793083495	68	Uncharacterized molecules
0.199790859233059	92	Uncharacterized molecules
0.19905438651936	592	Amino acids
0.19865849032907	525	Lipids
0.198589331230518	457	Uncharacterized molecules
0.197961552173951	614	Amino acids
0.197901373580725	832	Xenobiotics
0.197304803629433	381	Lipids
0.197051513559092	872	Amino acids
0.196227627544975	202	Uncharacterized molecules
0.195948176577962	506	Uncharacterized molecules
0.195938180836793	384	Amino acids
0.1958676470293	56	Lipids
0.194801086762689	692	Lipids
0.194497851494244	895	Amino acids
0.19443695706413	338	Uncharacterized molecules
0.194187094886751	930	Xenobiotics
0.194041915569619	731	Uncharacterized molecules
0.194017371403947	865	Uncharacterized molecules
0.193786915925724	520	Lipids
0.193656469422194	268	Lipids
0.193651222966635	237	Xenobiotics
0.193001743626121	678	Uncharacterized molecules
0.192850807009035	608	Uncharacterized molecules
0.192666875881226	45	Lipids
0.192617232015681	251	Amino acids
0.192393508672427	58	Lipids
0.192240917470235	322	Xenobiotics
0.192025400063451	247	Peptides
0.192020502943516	203	Amino acids
0.191702645221405	633	Xenobiotics
0.191688194563092	739	Xenobiotics
0.190853138961619	237	Uncharacterized molecules
0.190404784990344	886	Amino acids
0.190108840252912	349	Lipids
0.190010647444164	594	Amino acids
0.190009768932927	669	Xenobiotics
0.189982074049465	763	Lipids
0.189978159111908	205	Uncharacterized molecules
0.189559169740428	488	Amino acids
0.18921700864036	82	Uncharacterized molecules
0.18919710644857	387	Amino acids
0.189149275967674	949	Lipids
0.189017584424793	332	Lipids
0.188958956931735	896	Amino acids
0.188900960965385	517	Lipids
0.188060532323718	1213	Uncharacterized molecules
0.187812013126662	1023	Uncharacterized molecules
0.187388234466769	271	Amino acids
0.187272520476625	616	Xenobiotics
0.187230149845073	443	Amino acids
0.187199350383535	904	Lipids
0.186968028224953	316	Lipids
0.186506779140798	350	Lipids
0.186417053252461	272	Lipids
0.18630893919617	925	Lipids
0.18626564682529	731	Peptides
0.186138033739447	488	Lipids
0.185975670183171	303	Lipids
0.185872622446291	483	Amino acids
0.185736621854797	788	Nucleotides
0.185677351572099	196	Xenobiotics
0.18556836211581	737	Xenobiotics
0.18502066040167	329	Lipids
0.184885577609616	162	Amino acids
0.184742072522427	462	Lipids
0.184203362102901	253	Lipids
0.183821986135111	723	Cofactors and vitamins
0.183689954145313	178	Lipids
0.18368966311241	583	Amino acids
0.183613849422771	310	Amino acids
0.183293846809313	323	Xenobiotics
0.183286615341624	284	Uncharacterized molecules
0.183242125955813	456	Amino acids
0.183174428157823	654	Lipids
0.183115882136197	450	Cofactors and vitamins
0.182518922472027	338	Uncharacterized molecules
0.182494747519637	968	Lipids
0.182267443180043	309	Uncharacterized molecules
0.182244559828747	749	Uncharacterized molecules
0.182195995527974	207	Xenobiotics
0.181942985406408	603	Lipids
0.181826240382038	365	Lipids
0.181657749374761	581	Lipids
0.180976010436495	545	Uncharacterized molecules
0.180841594171586	857	Lipids
0.180802283942962	529	Xenobiotics
0.180760726013696	927	Lipids
0.180680486479776	791	Amino acids
0.18064726130605	958	Lipids
0.180642326882198	365	Uncharacterized molecules
0.180609967007047	848	Lipids
0.180206400167393	935	Lipids
0.180145183728002	600	Lipids
0.180040375697177	266	Lipids
0.179898024571161	519	Xenobiotics
0.179662892237688	952	Xenobiotics
0.179654716482409	928	Amino acids
0.179482672127631	837	Xenobiotics
0.179441842533397	884	Uncharacterized molecules
0.17941162770886	268	Xenobiotics
0.179349665323877	206	Lipids
0.179336575967574	497	Uncharacterized molecules
0.179323910003315	700	Lipids
0.179144293782279	238	Par. characterized molecules
0.17901783858387	733	Xenobiotics
0.178684845443319	139	Lipids
0.178662721331223	668	Carbohydrates
0.17826740630679	517	Uncharacterized molecules
0.178179326081335	891	Peptides
0.178066056012935	542	Lipids
0.178004615841463	123	Lipids
0.177906700045494	711	Xenobiotics
0.177806802130768	338	Uncharacterized molecules
0.177570604587183	425	Lipids
0.177503595686832	731	Uncharacterized molecules
0.177244891274563	332	Lipids
0.177198234002396	641	Lipids
0.177039740892785	269	Lipids
0.176955089768359	334	Uncharacterized molecules
0.176831560821879	65	Lipids
0.176784738865301	599	Amino acids
0.176776523701762	265	Lipids
0.176516801218955	544	Xenobiotics
0.17632795808282	221	Uncharacterized molecules
0.176268046473114	852	Lipids
0.175700869188872	714	Peptides
0.175512773379417	166	Uncharacterized molecules
0.175045531045618	751	Carbohydrates
0.175028648090732	440	Uncharacterized molecules
0.174891276098666	650	Uncharacterized molecules
0.17487607738987	252	Par. characterized molecules
0.174853089343842	652	Lipids
0.174516701605856	457	Cofactors and vitamins
0.174347593674356	626	Uncharacterized molecules
0.174328644612623	584	Lipids
0.17413849744031	505	Uncharacterized molecules
0.173953958943152	835	Amino acids
0.173856424953399	545	Xenobiotics
0.173817978706299	765	Amino acids
0.173725186019714	550	Amino acids
0.173705161272611	96	Lipids
0.173697456084682	252	Amino acids
0.173372816115605	295	Amino acids
0.173199164132692	473	Lipids
0.173181647385565	744	Amino acids
0.173123325118807	313	Lipids
0.173052282537552	351	Xenobiotics
0.172879362638807	521	Xenobiotics
0.1726287926195	567	Amino acids
0.172503561123415	178	Amino acids
0.17229564986158	266	Carbohydrates
0.171982379618303	173	Lipids
0.17189849252756	289	Lipids
0.171675540644571	501	Lipids
0.171663702498357	58	Lipids
0.171568797604681	738	Amino acids
0.171240716142952	133	Uncharacterized molecules
0.171237254991545	690	Amino acids
0.171014454220019	774	Amino acids
0.170946536014978	149	Lipids
0.170794160932354	237	Uncharacterized molecules
0.170757283942886	115	Lipids
0.170687921992047	352	Amino acids
0.170086338446705	880	Lipids
0.170084230538827	170	Lipids
0.169502944413733	320	Uncharacterized molecules
0.169355268865369	638	Lipids
0.16924502292738	476	Lipids
0.168983409122112	781	Lipids
0.168982178571457	635	Xenobiotics
0.168907122304663	914	Lipids
0.168902355100979	501	Uncharacterized molecules
0.168229760548115	390	Uncharacterized molecules
0.168143794796789	221	Lipids
0.168138699522632	230	Lipids
0.167977529217292	682	Uncharacterized molecules
0.16796369275699	370	Amino acids
0.167831924684613	439	Uncharacterized molecules
0.167576299515635	306	Lipids
0.167536642064605	249	Lipids
0.167416471829281	521	Lipids
0.167402308714325	336	Amino acids
0.167380284633151	725	Lipids
0.167296954047777	790	Lipids
0.16717057592521	967	Lipids
0.167159967815443	105	Lipids
0.167156862653835	311	Carbohydrates
0.167117633693718	65	Peptides
0.166964473929568	550	Xenobiotics
0.166867289762469	630	Xenobiotics
0.166761201829717	522	Lipids
0.166737325738635	195	Amino acids
0.166687158838176	833	Uncharacterized molecules
0.166527405769006	392	Uncharacterized molecules
0.166525816509533	134	Lipids
0.166503393247169	888	Lipids
0.166402502405846	774	Cofactors and vitamins
0.16605898400166	886	Amino acids
0.165656976465927	457	Uncharacterized molecules
0.165100047980574	687	Lipids
0.164613859891993	148	Lipids
0.164554042117081	235	Amino acids
0.164521763164695	169	Lipids
0.164423839043485	380	Xenobiotics
0.164286314538197	273	Uncharacterized molecules
0.164258600787511	113	Lipids
0.164207612837621	97	Lipids
0.163880263425045	61	Uncharacterized molecules
0.163413704704457	366	Amino acids
0.163377347646943	165	Lipids
0.162852719623747	738	Lipids
0.162760104457828	457	Uncharacterized molecules
0.162286878964003	231	Carbohydrates
0.162201153716162	840	Amino acids
0.162011435348915	76	Amino acids
0.16180205398201	361	Lipids
0.161780101549447	248	Uncharacterized molecules
0.161291339920601	633	Uncharacterized molecules
0.161232621110117	521	Uncharacterized molecules
0.161178275926251	824	Uncharacterized molecules
0.161170338395122	984	Uncharacterized molecules
0.161010902595618	196	Uncharacterized molecules
0.16099418688103	896	Uncharacterized molecules
0.160812127283729	407	Xenobiotics
0.160810641296185	927	Lipids
0.160707394531754	421	Amino acids
0.160702688662735	271	Xenobiotics
0.160683682598739	798	Xenobiotics
0.160534332576595	977	Lipids
0.160509919431904	335	Lipids
0.16030980300171	197	Lipids
0.159804288947854	540	Cofactors and vitamins
0.159741132092506	652	Lipids
0.159647342712444	298	Lipids
0.15955397960649	442	Cofactors and vitamins
0.159112317349427	210	Lipids
0.159098266066595	1065	Uncharacterized molecules
0.158978842377683	36	Lipids
0.15885825344621	692	Amino acids
0.1586547403566	362	Amino acids
0.158646835223997	677	Nucleotides
0.158565748884441	641	Lipids
0.158352812379184	370	Lipids
0.158328294714495	147	Lipids
0.15812754731286	120	Lipids
0.157928663580658	625	Peptides
0.157895268867225	495	Lipids
0.157802450390227	323	Uncharacterized molecules
0.157542864323379	677	Lipids
0.15752480362616	158	Amino acids
0.157439166240103	279	Lipids
0.157376391604677	342	Uncharacterized molecules
0.15722534195769	751	Lipids
0.15713020630245	126	Nucleotides
0.157081412228981	213	Lipids
0.156979934884268	161	Uncharacterized molecules
0.156628294671214	215	Uncharacterized molecules
0.15660146387265	38	Xenobiotics
0.15645258172397	914	Lipids
0.156441411957958	144	Uncharacterized molecules
0.156358640899012	387	Lipids
0.15595638764521	893	Lipids
0.155937332794143	249	Lipids
0.155901372352363	790	Xenobiotics
0.155818974140996	251	Lipids
0.155782990803762	707	Lipids
0.155604872433845	160	Uncharacterized molecules
0.155416862992246	565	Uncharacterized molecules
0.155299754090057	535	Nucleotides
0.155215021275035	289	Lipids
0.154847049660666	491	Amino acids
0.154843834578109	171	Lipids
0.154826098422437	571	Xenobiotics
0.154548562228579	155	Lipids
0.154444615793997	888	Carbohydrates
0.154093554243638	168	Lipids
0.153952185396155	514	Uncharacterized molecules
0.153556177840828	254	Lipids
0.153538448423879	864	Lipids
0.153495666020752	237	Amino acids
0.153328629733572	207	Lipids
0.153202489630655	352	Uncharacterized molecules
0.15315560963807	187	Uncharacterized molecules
0.152935696182766	733	Amino acids
0.152844360704172	241	Amino acids
0.152606535807729	590	Uncharacterized molecules
0.152584607247216	80	Amino acids
0.152525975298616	762	Lipids
0.152463658668143	556	Lipids
0.15246168392824	837	Uncharacterized molecules
0.152450038522449	219	Lipids
0.152355544760515	479	Uncharacterized molecules
0.152340358070111	470	Amino acids
0.152293538239202	761	Lipids
0.152269954648711	744	Lipids
0.152253793343767	856	Lipids
0.152251137301124	813	Xenobiotics
0.152183252295654	1066	Lipids
0.15218048354896	135	Amino acids
0.15215454561113	239	Lipids
0.151937870731389	569	Xenobiotics
0.15189472998062	177	Energy
0.150891922288193	413	Xenobiotics
0.150881304549238	174	Uncharacterized molecules
0.150878860578697	115	Lipids
0.150685564049534	698	Amino acids
0.150653759282012	447	Lipids
0.150585973230109	634	Uncharacterized molecules
0.150441718046968	801	Xenobiotics
0.150439087921875	480	Amino acids
0.150404533951248	271	Xenobiotics
0.150374500165769	689	Lipids
0.150311511639187	645	Amino acids
0.150195972788148	646	Amino acids
0.150092932701808	290	Peptides
0.149924775811766	405	Carbohydrates
0.14980384088081	170	Lipids
0.1497642173443	558	Energy
0.149758570040601	749	Peptides
0.149668492483408	209	Lipids
0.149654063020508	237	Lipids
0.149524100351806	775	Lipids
0.149352902963763	210	Lipids
0.149189903451673	60	Lipids
0.149023547012589	104	Lipids
0.148964914087994	852	Lipids
0.148932396447972	134	Amino acids
0.148921594418534	428	Amino acids
0.148850155946747	327	Lipids
0.14869202910221	280	Lipids
0.148496681372061	232	Xenobiotics
0.148484730339469	136	Nucleotides
0.148385540489271	556	Lipids
0.148343924182744	513	Amino acids
0.148275387729642	212	Amino acids
0.147815098607525	378	Amino acids
0.147498367385606	884	Lipids
0.147394076162105	341	Amino acids
0.14728494929037	553	Nucleotides
0.147020266433023	225	Xenobiotics
0.146914009922528	182	Carbohydrates
0.1466793797217	371	Amino acids
0.146561025543322	331	Nucleotides
0.14655519512873	459	Uncharacterized molecules
0.146532627836102	655	Par. characterized molecules
0.146482701539082	339	Energy
0.146347469265921	455	Lipids
0.146308507329413	37	Uncharacterized molecules
0.146239132045973	245	Amino acids
0.146228776883813	810	Xenobiotics
0.146170367395635	552	Lipids
0.146125131103417	407	Amino acids
0.146085930127416	295	Amino acids
0.145742512558243	520	Uncharacterized molecules
0.145564893153805	136	Lipids
0.145414646987418	458	Xenobiotics
0.145378069405593	171	Amino acids
0.145347785878105	432	Amino acids
0.145287633186549	680	Lipids
0.145152137113062	258	Lipids
0.145142633698862	790	Lipids
0.14490717583051	214	Lipids
0.144890238381381	126	Amino acids
0.144860861203804	654	Lipids
0.144819892678337	194	Lipids
0.144812193490298	128	Lipids
0.144510016247373	974	Lipids
0.14435785027828	306	Amino acids
0.144314017572038	172	Lipids
0.144238948413421	698	Uncharacterized molecules
0.144233434896976	218	Peptides
0.144232954580023	231	Lipids
0.143655579175733	332	Uncharacterized molecules
0.143653258640769	377	Xenobiotics
0.143640171903877	373	Amino acids
0.143518268144793	197	Xenobiotics
0.143399386065887	773	Amino acids
0.143378137067342	225	Lipids
0.143201947799174	160	Amino acids
0.143146729162824	70	Cofactors and vitamins
0.143047670454662	214	Lipids
0.143006694539342	589	Xenobiotics
0.142918880249284	186	Nucleotides
0.142868910668109	245	Lipids
0.142851889628503	198	Cofactors and vitamins
0.142571857696615	879	Xenobiotics
0.142398590687214	192	Lipids
0.142336646290712	203	Lipids
0.142286483346396	239	Xenobiotics
0.141894350164723	159	Lipids
0.141868383528606	470	Lipids
0.141710990990408	284	Xenobiotics
0.141502671314754	413	Amino acids
0.140850809992469	551	Lipids
0.140519099517823	885	Lipids
0.140516825381217	467	Uncharacterized molecules
0.140499806794785	540	Amino acids
0.140498824058456	74	Lipids
0.14026814193213	519	Uncharacterized molecules
0.140175825411491	659	Lipids
0.139945408410104	590	Lipids
0.139892097230588	105	Lipids
0.139802840315005	693	Lipids
0.13977577393879	352	Uncharacterized molecules
0.139604415069399	173	Xenobiotics
0.139592516063732	195	Lipids
0.139338367014121	793	Amino acids
0.139245009497802	433	Amino acids
0.139114903539405	137	Xenobiotics
0.139089504338287	161	Uncharacterized molecules
0.138939565308412	109	Lipids
0.138938446585259	244	Amino acids
0.138935860645043	532	Lipids
0.13872755624116	798	Amino acids
0.138552169290452	828	Lipids
0.138275528812868	403	Lipids
0.13822955492348	198	Peptides
0.138225363995808	201	Xenobiotics
0.138029964013621	455	Amino acids
0.137932539167739	501	Uncharacterized molecules
0.13784512498468	203	Amino acids
0.137823821174061	295	Xenobiotics
0.137634831080953	783	Amino acids
0.137300919743136	187	Amino acids
0.137195818045199	298	Lipids
0.137005772817161	832	Lipids
0.136893578009054	255	Nucleotides
0.136893223177832	363	Cofactors and vitamins
0.136724995003541	300	Uncharacterized molecules
0.136520443662365	453	Cofactors and vitamins
0.136469729400824	425	Lipids
0.136415760498746	832	Amino acids
0.136405653913674	604	Uncharacterized molecules
0.13635432497807	233	Uncharacterized molecules
0.136202771487323	355	Lipids
0.136025216395444	520	Uncharacterized molecules
0.13599526318558	276	Xenobiotics
0.135955388598283	590	Lipids
0.135811114941149	130	Lipids
0.135793740133345	496	Xenobiotics
0.135688131504508	164	Lipids
0.135655508111223	804	Lipids
0.135488068858716	208	Amino acids
0.135337813728986	285	Amino acids
0.135310270203594	456	Xenobiotics
0.135200666608681	143	Xenobiotics
0.135084573439966	93	Uncharacterized molecules
0.13506936402903	115	Cofactors and vitamins
0.135067293585515	388	Lipids
0.135035274473604	238	Xenobiotics
0.13499796867524	691	Xenobiotics
0.134993781548904	403	Lipids
0.134815833913856	431	Amino acids
0.134779661743625	263	Nucleotides
0.134712298892062	75	Lipids
0.13436571220453	871	Uncharacterized molecules
0.134361841782987	214	Lipids
0.1342620398493	115	Peptides
0.134232210477924	241	Amino acids
0.133944646502914	621	Uncharacterized molecules
0.133754198739575	915	Uncharacterized molecules
0.133635443047935	659	Nucleotides
0.133547456770855	118	Uncharacterized molecules
0.133418790876304	324	Amino acids
0.133324333956419	111	Par. characterized molecules
0.133262917456928	168	Lipids
0.133234885117053	248	Uncharacterized molecules
0.133216786781489	285	Xenobiotics
0.133209950678561	246	Lipids
0.13284047907996	121	Lipids
0.13281389779946	368	Uncharacterized molecules
0.132718813815413	802	Carbohydrates
0.132674924415011	369	Lipids
0.132295000435482	381	Amino acids
0.132187336791669	756	Lipids
0.131842628053049	201	Lipids
0.1318304359023	463	Uncharacterized molecules
0.131796969196314	671	Par. characterized molecules
0.131736642407925	172	Amino acids
0.131701876224574	202	Lipids
0.131694772691641	393	Amino acids
0.131518128584364	717	Lipids
0.131319051930436	310	Amino acids
0.13101524008823	245	Amino acids
0.130745301449575	55	Lipids
0.13071945302827	278	Lipids
0.130629379599745	71	Lipids
0.130513016644825	256	Lipids
0.130512142892627	665	Lipids
0.130506972063243	580	Lipids
0.13047215520963	290	Uncharacterized molecules
0.130462347132635	141	Lipids
0.130229811854087	581	Lipids
0.130124474720446	161	Par. characterized molecules
0.130108246692278	814	Amino acids
0.130046450865059	425	Lipids
0.129907003189252	171	Uncharacterized molecules
0.129905032777527	382	Lipids
0.12990194732193	586	Uncharacterized molecules
0.129885099828377	443	Lipids
0.12973329306595	258	Lipids
0.129592828067035	233	Lipids
0.1294511879115	159	Uncharacterized molecules
0.129300509886367	202	Lipids
0.129206197036161	587	Amino acids
0.129152594138087	412	Lipids
0.129108006863398	165	Lipids
0.129002088036159	213	Lipids
0.129001170249571	380	Xenobiotics
0.128931975141952	123	Cofactors and vitamins
0.128856023998035	447	Amino acids
0.1287938549099	571	Lipids
0.128613928251593	215	Lipids
0.128354498016858	154	Amino acids
0.127971117793733	65	Lipids
0.127964026701779	560	Lipids
0.127947446052575	130	Xenobiotics
0.127740694501585	61	Lipids
0.127724756667703	183	Uncharacterized molecules
0.127609343115755	156	Amino acids
0.127512676395451	872	Lipids
0.127366963649181	407	Energy
0.127324155552082	361	Amino acids
0.127318315923725	253	Lipids
0.12719797724022	504	Amino acids
0.127116876145518	132	Lipids
0.127065210238773	252	Cofactors and vitamins
0.127061828467898	72	Carbohydrates
0.127002533530896	531	Uncharacterized molecules
0.126986712361469	224	Lipids
0.126986182482314	193	Amino acids
0.126928167834535	130	Lipids
0.126926567121163	190	Lipids
0.126867890785886	211	Amino acids
0.126784382103689	565	Lipids
0.126772012306319	230	Lipids
0.126763066245035	253	Par. characterized molecules
0.126685276936995	464	Lipids
0.126645341086086	68	Lipids
0.126603662652505	608	Energy
0.126593726138261	720	Lipids
0.126544246214885	699	Uncharacterized molecules
0.126475726220179	48	Xenobiotics
0.12642967567841	739	Lipids
0.126333837154914	133	Carbohydrates
0.126307596653778	469	Uncharacterized molecules
0.126299916859132	347	Lipids
0.126245891747939	752	Lipids
0.126099094133467	271	Peptides
0.126071046551729	876	Cofactors and vitamins
0.126055032210784	775	Amino acids
0.12602951500013	99	Uncharacterized molecules
0.126024956538892	433	Lipids
0.125974320201756	113	Lipids
0.125917733579202	692	Amino acids
0.125855563008702	170	Xenobiotics
0.125662125810396	109	Lipids
0.125649725857044	523	Xenobiotics
0.125621207832733	174	Xenobiotics
0.125508383280627	704	Carbohydrates
0.125450470260239	639	Xenobiotics
0.125215205089337	286	Lipids
0.125146807326616	506	Amino acids
0.125097963815172	111	Lipids
0.125046776851713	460	Amino acids
0.124913735611958	257	Lipids
0.124814775006282	80	Lipids
0.124784980886667	389	Amino acids
0.124638404283816	262	Lipids
0.124394584263206	79	Lipids
0.124279138976706	640	Lipids
0.124240406853515	131	Cofactors and vitamins
0.124175231941636	175	Uncharacterized molecules
0.123971441305316	102	Xenobiotics
0.123754022098732	262	Amino acids
0.123657386133549	584	Uncharacterized molecules
0.12360448488768	222	Lipids
0.123361318321432	180	Uncharacterized molecules
0.123077893500728	506	Lipids
0.122872948659298	65	Amino acids
0.122754158870865	101	Lipids
0.122709529712101	230	Uncharacterized molecules
0.122689241076754	361	Lipids
0.122664107364179	731	Lipids
0.122646148136703	35	Par. characterized molecules
0.122492834891064	347	Lipids
0.122420500747439	126	Lipids
0.122315376124702	325	Amino acids
0.122197297109206	132	Amino acids
0.122183337201825	47	Uncharacterized molecules
0.122162373914626	103	Uncharacterized molecules
0.122107278453557	453	Amino acids
0.122035710220933	481	Amino acids
0.122032339394308	281	Nucleotides
0.122021433447022	424	Lipids
0.121979942988303	577	Cofactors and vitamins
0.121824124433832	200	Lipids
0.121746998532905	259	Lipids
0.121734524576953	334	Lipids
0.121614553623054	110	Lipids
0.121557510601737	88	Lipids
0.121308391474777	586	Amino acids
0.121226208976675	387	Xenobiotics
0.121163325835954	620	Amino acids
0.121109627677497	102	Xenobiotics
0.121101349711185	159	Uncharacterized molecules
0.121045757005161	88	Uncharacterized molecules
0.12098622999234	159	Nucleotides
0.120985284609207	362	Lipids
0.120853501052062	665	Lipids
0.120696068203696	760	Amino acids
0.120643710749725	300	Amino acids
0.120587443779274	177	Amino acids
0.120409232185954	124	Lipids
0.120302144311209	57	Peptides
0.12029297640183	567	Lipids
0.120238558412124	124	Xenobiotics
0.12010559401692	387	Xenobiotics
0.120081429978255	195	Energy
0.11982357175638	56	Peptides
0.119772676364051	124	Lipids
0.119495398272997	316	Uncharacterized molecules
0.11923151839351	507	Uncharacterized molecules
0.119168712152074	83	Amino acids
0.119159122465037	695	Amino acids
0.119115169799754	726	Amino acids
0.119107307439824	214	Lipids
0.118869969923154	126	Uncharacterized molecules
0.118679842107354	141	Lipids
0.118670644745797	74	Lipids
0.118572685049764	419	Amino acids
0.118555683235191	445	Lipids
0.118555332803331	118	Lipids
0.118472440630902	377	Uncharacterized molecules
0.118471643850763	387	Lipids
0.118208635396926	77	Uncharacterized molecules
0.118196183239175	277	Uncharacterized molecules
0.118195725016693	143	Lipids
0.118075898630814	201	Uncharacterized molecules
0.117860182548743	553	Peptides
0.117785001623862	309	Xenobiotics
0.117717178769763	550	Amino acids
0.117541936365386	156	Lipids
0.117475535260537	256	Uncharacterized molecules
0.117296779582082	305	Lipids
0.117239773196634	185	Lipids
0.11722342096006	278	Cofactors and vitamins
0.117221768736679	530	Amino acids
0.117189124238359	795	Amino acids
0.117155067706501	398	Uncharacterized molecules
0.117108996069482	378	Lipids
0.116882406847088	763	Uncharacterized molecules
0.116693134132178	163	Amino acids
0.116459815471187	216	Uncharacterized molecules
0.11638881332321	142	Lipids
0.116348241290928	112	Amino acids
0.116337140599566	129	Lipids
0.116310771027171	136	Uncharacterized molecules
0.116224293697524	257	Uncharacterized molecules
0.11616771780682	124	Lipids
0.116048872419295	375	Uncharacterized molecules
0.115930249283995	230	Uncharacterized molecules
0.115765033597061	136	Lipids
0.115616099583866	171	Amino acids
0.11550103525634	73	Lipids
0.115407229957789	500	Lipids
0.1154023633323	69	Lipids
0.115296099374479	507	Uncharacterized molecules
0.115101655939866	657	Amino acids
0.1150566620043	231	Amino acids
0.11491896926589	224	Uncharacterized molecules
0.114893894095345	516	Peptides
0.114652336966416	603	Xenobiotics
0.11464001340436	463	Nucleotides
0.114387498593533	207	Xenobiotics
0.11433605815144	251	Amino acids
0.113948712266537	540	Lipids
0.113908466112918	301	Lipids
0.113790653671887	134	Lipids
0.113673417527721	420	Amino acids
0.113564650565812	102	Amino acids
0.113437490135341	199	Lipids
0.113352837224834	85	Lipids
0.113349036790232	328	Amino acids
0.113058885202379	150	Lipids
0.113019575949107	177	Cofactors and vitamins
0.112730648149948	158	Lipids
0.11272082633789	102	Uncharacterized molecules
0.112717003032962	456	Uncharacterized molecules
0.112683960422104	85	Xenobiotics
0.112518386455607	340	Amino acids
0.112498188283436	178	Cofactors and vitamins
0.112430582873043	303	Xenobiotics
0.11237363920417	353	Amino acids
0.11236437535898	120	Amino acids
0.112111571736701	167	Lipids
0.112071190271722	117	Lipids
0.112015978894301	729	Lipids
0.111973782687083	299	Lipids
0.111970685499935	756	Energy
0.111913881019597	418	Lipids
0.111895544680106	438	Xenobiotics
0.111777689762221	150	Lipids
0.111724617224725	375	Xenobiotics
0.111616045682084	85	Par. characterized molecules
0.1112444340688	209	Lipids
0.111160162985769	123	Xenobiotics
0.110873774315131	127	Nucleotides
0.110852909265867	214	Lipids
0.110762190560513	282	Amino acids
0.110635496289403	655	Lipids
0.110564685189342	546	Uncharacterized molecules
0.110426762116237	645	Nucleotides
0.110411312690445	106	Lipids
0.110377275451366	164	Xenobiotics
0.110355147724589	352	Lipids
0.110260428864323	41	Amino acids
0.110256080245275	397	Xenobiotics
0.109952858917037	627	Lipids
0.109794288116459	748	Amino acids
0.109693364594951	375	Amino acids
0.109399450355062	497	Uncharacterized molecules
0.109390237566553	271	Uncharacterized molecules
0.109308907415317	352	Amino acids
0.109254681604344	346	Lipids
0.109051687739158	152	Nucleotides
0.108611522056902	270	Uncharacterized molecules
0.10859227320224	463	Lipids
0.108471889801546	218	Amino acids
0.108009228056134	317	Cofactors and vitamins
0.10788776230893	527	Lipids
0.107709256942828	114	Amino acids
0.107670884451597	61	Lipids
0.107666268302928	352	Xenobiotics
0.107642899627561	105	Lipids
0.107536098951976	432	Lipids
0.107495421145255	18	Par. characterized molecules
0.107315890162773	193	Amino acids
0.107241934448335	133	Nucleotides
0.10717564242523	64	Xenobiotics
0.107171874464767	567	Lipids
0.107119187268273	509	Lipids
0.107071218662363	358	Lipids
0.107033397956477	318	Par. characterized molecules
0.107030576917199	112	Amino acids
0.107008457107329	150	Lipids
0.106862857711708	246	Lipids
0.106780715514629	88	Lipids
0.106724861798436	268	Par. characterized molecules
0.106662122454597	390	Amino acids
0.106548205089969	159	Uncharacterized molecules
0.106497387301623	277	Amino acids
0.106319668457004	303	Xenobiotics
0.106273322857178	138	Lipids
0.10619867806748	463	Lipids
0.10603045194254	569	Carbohydrates
0.106003597161742	146	Nucleotides
0.10554087763416	349	Lipids
0.105467965488235	796	Lipids
0.10542298559798	148	Nucleotides
0.105115347040158	281	Lipids
0.105073740402121	74	Uncharacterized molecules
0.105054104907016	665	Xenobiotics
0.105029303242585	482	Lipids
0.104825937584129	23	Uncharacterized molecules
0.104740979032047	590	Lipids
0.104696489019098	108	Lipids
0.104679443555246	404	Lipids
0.104678733886396	142	Xenobiotics
0.104481674825991	118	Lipids
0.104465988386612	339	Uncharacterized molecules
0.104297373299592	296	Amino acids
0.104292918523874	142	Uncharacterized molecules
0.104055543058629	80	Nucleotides
0.104005957395862	374	Uncharacterized molecules
0.104000769197923	622	Lipids
0.103948236544307	195	Xenobiotics
0.103874862334656	985	Lipids
0.103517504764245	123	Xenobiotics
0.103340922459078	218	Xenobiotics
0.103260628769833	400	Uncharacterized molecules
0.103248859671946	125	Uncharacterized molecules
0.103140286099864	451	Uncharacterized molecules
0.103117106112771	236	Uncharacterized molecules
0.10289450547043	486	Lipids
0.102852184072947	204	Lipids
0.102810028901142	103	Lipids
0.102433312968247	209	Uncharacterized molecules
0.102289986997945	38	Carbohydrates
0.102223484084682	337	Xenobiotics
0.102128030644531	414	Amino acids
0.102011696599314	117	Xenobiotics
0.10198234536159	608	Nucleotides
0.101970795339656	533	Lipids
0.101906935593924	21	Lipids
0.101833645948497	100	Nucleotides
0.10172773925306	168	Lipids
0.101705654726373	357	Uncharacterized molecules
0.101665787954498	450	Lipids
0.101645493786907	111	Xenobiotics
0.101613448682548	585	Lipids
0.101480311184219	163	Peptides
0.101476815513776	117	Lipids
0.101398916271847	376	Lipids
0.101242143924764	506	Uncharacterized molecules
0.101190025161154	304	Lipids
0.101127550733101	121	Lipids
0.100900244423786	335	Uncharacterized molecules
0.100507782496402	345	Lipids
0.100493381116954	80	Amino acids
0.100425664271537	322	Uncharacterized molecules
0.10023884052988	117	Peptides
0.100191276534821	167	Lipids
0.100069263702915	33	Amino acids
0.100008760361823	124	Par. characterized molecules
0.0999330440262813	183	Uncharacterized molecules
0.0998038823168315	95	Amino acids
0.0994368244873423	144	Amino acids
0.0993860895486501	727	Amino acids
0.0993684746855545	350	Par. characterized molecules
0.0991661051145816	64	Xenobiotics
0.0990982754015347	424	Uncharacterized molecules
0.0990260131577927	521	Nucleotides
0.0990206469014633	172	Lipids
0.0984830103094968	559	Amino acids
0.0984496141626567	210	Lipids
0.0983891985906254	350	Lipids
0.0981595628839408	59	Amino acids
0.0981302730425104	268	Xenobiotics
0.0979315628413152	229	Amino acids
0.0977829938638407	596	Lipids
0.0976038202108382	630	Lipids
0.0972354863729759	313	Lipids
0.0970361834992148	647	Cofactors and vitamins
0.0968925671723936	557	Cofactors and vitamins
0.0967337409490876	371	Amino acids
0.0966369813293931	660	Lipids
0.0966140634636232	17	Xenobiotics
0.0965172162023917	269	Lipids
0.0964595242563857	64	Amino acids
0.096373602982002	288	Amino acids
0.0959623519642795	321	Uncharacterized molecules
0.0957438790946802	626	Xenobiotics
0.0957216350269621	162	Par. characterized molecules
0.0956051243545914	359	Lipids
0.0954189683016265	469	Peptides
0.0954024174285974	588	Lipids
0.0953495971451742	132	Lipids
0.0948998963820463	44	Amino acids
0.0947526863053171	551	Nucleotides
0.0945520035786123	697	Uncharacterized molecules
0.0944939878549307	108	Uncharacterized molecules
0.0944670947338516	25	Carbohydrates
0.0939842223897899	290	Carbohydrates
0.0936080535396111	89	Carbohydrates
0.0935261578561791	252	Amino acids
0.0935036625932568	223	Lipids
0.093222295033941	86	Amino acids
0.0930276519782724	357	Lipids
0.0929170125438626	30	Xenobiotics
0.0924664531834542	87	Energy
0.0924389757103839	51	Lipids
0.0923162458534834	449	Lipids
0.0922793897627009	280	Lipids
0.0919892015616684	406	Nucleotides
0.0918310926090456	380	Lipids
0.091800992728014	338	Uncharacterized molecules
0.091771958121399	81	Uncharacterized molecules
0.0915130616863938	636	Carbohydrates
0.0912907094009534	275	Lipids
0.0909960811033321	130	Xenobiotics
0.0908107949046384	336	Peptides
0.090238341894	28	Uncharacterized molecules
0.0901552301640945	557	Uncharacterized molecules
0.0899143410846649	323	Uncharacterized molecules
0.0897702817827295	584	Lipids
0.0895721092006526	172	Uncharacterized molecules
0.089323274562073	447	Xenobiotics
0.0893197280122479	467	Uncharacterized molecules
0.0888452861489293	26	Lipids
0.0885656693282817	358	Uncharacterized molecules
0.0883576204968755	323	Xenobiotics
0.0880599405552298	139	Uncharacterized molecules
0.0873435010700453	435	Lipids
0.086981482147532	326	Par. characterized molecules
0.086840226861777	215	Uncharacterized molecules
0.0867195737966187	293	Xenobiotics
0.0864070733139859	627	Cofactors and vitamins
0.0863861865508833	360	Carbohydrates
0.0862247512475261	154	Xenobiotics
0.0860584242496247	358	Amino acids
0.0859375469603817	286	Uncharacterized molecules
0.0857470085271286	316	Lipids
0.0853950979410584	98	Lipids
0.0853793838538451	358	Par. characterized molecules
0.0853380675176922	234	Carbohydrates
0.0847027839367149	481	Xenobiotics
0.0846175923122408	180	Uncharacterized molecules
0.084159653226339	51	Uncharacterized molecules
0.0831171607714118	253	Xenobiotics
0.0827135418054786	735	Lipids
0.0825442445413295	118	Amino acids
0.082163483003606	170	Par. characterized molecules
0.0819101525724881	323	Cofactors and vitamins
0.0808703284448057	142	Xenobiotics
0.0806616565846833	339	Amino acids
0.0803057447860805	219	Uncharacterized molecules
0.0796646374065038	340	Par. characterized molecules
0.0793869289317612	248	Xenobiotics
0.0792926669999635	71	Uncharacterized molecules
0.0782948435908034	170	Carbohydrates
0.0781306276063084	422	Nucleotides
0.0779921524079598	425	Xenobiotics
0.0778618729083339	537	Nucleotides
0.0778510410380198	183	Xenobiotics
0.0777367253191483	65	Nucleotides
0.0767679992652607	378	Lipids
0.0757992099634223	43	Amino acids
0.0755486753290484	163	Xenobiotics
0.0751670261347427	332	Lipids
0.0748626601902666	117	Lipids
0.0746223169603441	511	Uncharacterized molecules
0.0743676952048462	364	Amino acids
0.0742834212096722	39	Carbohydrates
0.0732571959027152	198	Nucleotides
0.0726573992676483	515	Amino acids
0.0720164725668661	51	Lipids
0.0714212597732583	634	Nucleotides
0.0704234227571372	302	Xenobiotics
0.0694774368527348	352	Cofactors and vitamins
0.0693157527417031	268	Xenobiotics
0.0684451580787733	126	Xenobiotics
0.0655641500739644	313	Xenobiotics
0.0652503297244178	278	Amino acids
0.0643127437527842	199	Xenobiotics
0.0625359712933216	423	Lipids
0.0607781454593583	210	Xenobiotics
0.0564911388271544	226	Nucleotides
0.0553135081067356	191	Nucleotides
0.0479226097944632	197	Xenobiotics
