x	color	label
0.581021456533193	Uncharacterized molecules	X - 11850
0.564168021893892	Uncharacterized molecules	
0.547466372867027	Uncharacterized molecules	
0.5279739928965	Uncharacterized molecules	
0.487208397980916	Uncharacterized molecules	
0.459410599357599	Xenobiotics	p-cresol sulfate
0.449431339663211	Lipids	isoursodeoxycholate
0.447769366509935	Uncharacterized molecules	
0.446452776791522	Xenobiotics	
0.442135605996249	Xenobiotics	
0.436248364597652	Uncharacterized molecules	
0.421768269789551	Uncharacterized molecules	
0.41684821245624	Amino acids	p-cresol glucuronide*
0.415644769611212	Peptides	phenylacetylglutamine
0.398571958624038	Xenobiotics	
0.390279926294312	Uncharacterized molecules	
0.386489056987089	Xenobiotics	
0.382357453758189	Uncharacterized molecules	
0.380327810877631	Uncharacterized molecules	
0.379713799324388	Uncharacterized molecules	
0.376020247889576	Cofactors and vitamins	trigonelline (N'-methylnicotinate)
0.374237985058333	Amino acids	
0.370529441728679	Uncharacterized molecules	
0.364918461161789	Amino acids	
0.363394591335762	Peptides	
0.362183787673302	Uncharacterized molecules	
0.361853258861885	Lipids	
0.361405601637057	Lipids	
0.360518359567871	Xenobiotics	
0.36021698991119	Uncharacterized molecules	
0.35765539278757	Lipids	
0.35704630639769	Lipids	
0.353631354920095	Lipids	
0.351334052070399	Lipids	
0.3468487782381	Lipids	
0.346441047453507	Cofactors and vitamins	
0.344158335725911	Lipids	
0.343844842354202	Uncharacterized molecules	
0.342563415467146	Uncharacterized molecules	
0.33490318307782	Uncharacterized molecules	
0.333912479641249	Lipids	
0.332415372303063	Uncharacterized molecules	
0.323390240213602	Xenobiotics	
0.322449888042128	Xenobiotics	
0.322202184862635	Lipids	
0.322039994255625	Xenobiotics	
0.319534650186524	Amino acids	
0.31867012980277	Xenobiotics	
0.312279922865262	Cofactors and vitamins	
0.311999884380055	Uncharacterized molecules	
0.310256627447376	Cofactors and vitamins	
0.310015584787213	Lipids	
0.309913909487893	Uncharacterized molecules	
0.309838407373204	Uncharacterized molecules	
0.30900429606096	Uncharacterized molecules	
0.306092149307099	Uncharacterized molecules	
0.306055062307113	Uncharacterized molecules	
0.305432369268114	Lipids	
0.305162533039562	Xenobiotics	
0.305113125401218	Lipids	
0.304745793180519	Amino acids	
0.298986779932695	Uncharacterized molecules	
0.298924268975532	Xenobiotics	
0.298281541024993	Xenobiotics	
0.296657814780156	Xenobiotics	
0.294920072562634	Uncharacterized molecules	
0.294286766595201	Xenobiotics	
0.293404181077597	Uncharacterized molecules	
0.292557947859888	Xenobiotics	
0.289273248657981	Uncharacterized molecules	
0.288587596168473	Amino acids	
0.285128764268287	Xenobiotics	
0.28474542292684	Amino acids	
0.283727004969729	Uncharacterized molecules	
0.282770618823409	Uncharacterized molecules	
0.281865497969891	Amino acids	
0.280711069590641	Amino acids	
0.279746214365916	Uncharacterized molecules	
0.279283519517622	Uncharacterized molecules	
0.278433529660287	Lipids	
0.277854152393728	Uncharacterized molecules	
0.276405120297698	Xenobiotics	
0.275309300067559	Lipids	
0.274593494008275	Xenobiotics	
0.271226388722071	Lipids	
0.271225832596626	Lipids	
0.271014081087922	Carbohydrates	1,5-anhydroglucitol (1,5-AG)
0.270589795319001	Amino acids	
0.270325585935885	Uncharacterized molecules	
0.267859846886876	Xenobiotics	
0.266390569148837	Xenobiotics	
0.264313263336502	Uncharacterized molecules	
0.263803252663382	Amino acids	
0.263053983230302	Xenobiotics	
0.26269209399554	Lipids	
0.260812631715604	Amino acids	
0.2605330468006	Amino acids	
0.25969548355118	Xenobiotics	
0.25907366766678	Lipids	
0.25876304272837	Amino acids	
0.256239986221857	Uncharacterized molecules	
0.256010500399208	Lipids	
0.255917055401735	Lipids	
0.255032591585502	Cofactors and vitamins	
0.254912637751624	Peptides	
0.253055352695418	Xenobiotics	
0.251964117038274	Lipids	
0.250661009166342	Uncharacterized molecules	
0.248962738790634	Part. characterized molecules	metabolonic lactone sulfate
0.247787089186156	Amino acids	
0.247489102757494	Xenobiotics	
0.247089186209017	Part. characterized molecules	
0.245400633052123	Lipids	
0.245267661914515	Lipids	
0.245072801490416	Lipids	
0.243846864321243	Uncharacterized molecules	
0.243438088712167	Uncharacterized molecules	
0.243254669235754	Lipids	
0.241639002833971	Xenobiotics	
0.24095480708481	Xenobiotics	
0.239657689638743	Xenobiotics	
0.2396524210046	Uncharacterized molecules	
0.237710801345601	Xenobiotics	
0.237518301046211	Xenobiotics	
0.237361957446963	Lipids	
0.237142741179579	Lipids	
0.236926217555122	Lipids	
0.236292578145224	Lipids	
0.235377470408079	Uncharacterized molecules	
0.235034768203164	Xenobiotics	
0.234107148102752	Energy	citraconate/glutaconate
0.234017372487413	Carbohydrates	
0.233737995471766	Lipids	
0.232528943258332	Xenobiotics	
0.230865023149982	Xenobiotics	
0.230123128933688	Lipids	
0.230097733580637	Amino acids	
0.229841541439495	Uncharacterized molecules	
0.228841013087056	Uncharacterized molecules	
0.228771121573477	Uncharacterized molecules	
0.227612247894471	Cofactors and vitamins	
0.226790117538326	Lipids	
0.22675085579745	Xenobiotics	
0.22644612234328	Peptides	
0.226337924300967	Uncharacterized molecules	
0.226046410780625	Lipids	
0.225770852832467	Lipids	
0.225345444785441	Lipids	
0.224931185186438	Lipids	
0.224723628238869	Xenobiotics	
0.224679551350313	Uncharacterized molecules	
0.224570205845748	Uncharacterized molecules	
0.224565604895017	Xenobiotics	
0.224013331281989	Xenobiotics	
0.223673822738547	Uncharacterized molecules	
0.223631619815136	Xenobiotics	
0.223428626213389	Xenobiotics	
0.223359124549039	Uncharacterized molecules	
0.223284773043541	Uncharacterized molecules	
0.223252369071109	Amino acids	
0.222611215079158	Lipids	
0.222207147769188	Uncharacterized molecules	
0.222011756819459	Lipids	
0.221983663536223	Xenobiotics	
0.221458179857433	Lipids	
0.221429747109074	Lipids	
0.221029407566861	Cofactors and vitamins	
0.220284933116985	Xenobiotics	
0.219802573363475	Xenobiotics	
0.219096517860544	Uncharacterized molecules	
0.217940062191149	Amino acids	
0.217841733057395	Lipids	
0.217701565415347	Amino acids	
0.21762934651317	Lipids	
0.217528962487091	Uncharacterized molecules	
0.21745468092686	Uncharacterized molecules	
0.216392110911069	Amino acids	
0.216298591837492	Xenobiotics	
0.216297874079923	Lipids	
0.216275000202145	Lipids	
0.215917454891531	Xenobiotics	
0.215387625539659	Cofactors and vitamins	
0.215276727578966	Uncharacterized molecules	
0.215139057371788	Xenobiotics	
0.214893219368251	Lipids	
0.214824606289789	Amino acids	
0.214791040323633	Uncharacterized molecules	
0.214410049767034	Uncharacterized molecules	
0.214378365923761	Amino acids	
0.214281504009989	Xenobiotics	
0.2140061812663	Lipids	
0.213583697796402	Amino acids	
0.213285956969925	Xenobiotics	
0.213212694942231	Xenobiotics	
0.212244490283036	Lipids	
0.211832922625089	Lipids	
0.211737283131191	Lipids	
0.211360329249515	Uncharacterized molecules	
0.211305607523528	Uncharacterized molecules	
0.211014301449055	Lipids	
0.210331433219222	Xenobiotics	
0.20978960556609	Uncharacterized molecules	
0.209590209556863	Lipids	
0.209214937211735	Lipids	
0.20901568723174	Xenobiotics	
0.208925831315273	Xenobiotics	
0.208836445876803	Uncharacterized molecules	
0.208451401529586	Xenobiotics	
0.208424639562843	Uncharacterized molecules	
0.208417060786005	Uncharacterized molecules	
0.207452436495745	Lipids	
0.206832002971032	Xenobiotics	
0.206458374183647	Xenobiotics	
0.206342254176882	Cofactors and vitamins	
0.206289445523908	Amino acids	
0.206105732953956	Lipids	
0.205939338389724	Uncharacterized molecules	
0.205529936063709	Lipids	
0.205420413066643	Nucleotides	adenosine 3',5'-cyclic monophosphate (cAMP)
0.204703026803333	Lipids	
0.204580486304341	Xenobiotics	
0.204287788549449	Amino acids	
0.204204292726565	Part. characterized molecules	
0.203894710953017	Amino acids	
0.203677270315197	Xenobiotics	
0.203516076771976	Lipids	
0.203348737578389	Xenobiotics	
0.203347054846811	Amino acids	
0.203341957501164	Uncharacterized molecules	
0.203156768956283	Xenobiotics	
0.201988563618202	Lipids	
0.201721365742551	Xenobiotics	
0.201251519562834	Amino acids	
0.200963603704071	Lipids	
0.200919005686796	Lipids	
0.200312448195565	Uncharacterized molecules	
0.200235205802638	Xenobiotics	
0.20004861393103	Uncharacterized molecules	
0.199809793083495	Uncharacterized molecules	
0.199790859233059	Uncharacterized molecules	
0.19905438651936	Amino acids	
0.19865849032907	Lipids	
0.198589331230518	Uncharacterized molecules	
0.197961552173951	Amino acids	
0.197901373580725	Xenobiotics	
0.197304803629433	Lipids	
0.197051513559092	Amino acids	
0.196227627544975	Uncharacterized molecules	
0.195948176577962	Uncharacterized molecules	
0.195938180836793	Amino acids	
0.1958676470293	Lipids	
0.194801086762689	Lipids	
0.194497851494244	Amino acids	
0.19443695706413	Uncharacterized molecules	
0.194187094886751	Xenobiotics	
0.194041915569619	Uncharacterized molecules	
0.194017371403947	Uncharacterized molecules	
0.193786915925724	Lipids	
0.193656469422194	Lipids	
0.193651222966635	Xenobiotics	
0.193001743626121	Uncharacterized molecules	
0.192850807009035	Uncharacterized molecules	
0.192666875881226	Lipids	
0.192617232015681	Amino acids	
0.192393508672427	Lipids	
0.192240917470235	Xenobiotics	
0.192025400063451	Peptides	
0.192020502943516	Amino acids	
0.191702645221405	Xenobiotics	
0.191688194563092	Xenobiotics	
0.190853138961619	Uncharacterized molecules	
0.190404784990344	Amino acids	
0.190108840252912	Lipids	
0.190010647444164	Amino acids	
0.190009768932927	Xenobiotics	
0.189982074049465	Lipids	
0.189978159111908	Uncharacterized molecules	
0.189559169740428	Amino acids	
0.18921700864036	Uncharacterized molecules	
0.18919710644857	Amino acids	
0.189149275967674	Lipids	
0.189017584424793	Lipids	
0.188958956931735	Amino acids	
0.188900960965385	Lipids	
0.188060532323718	Uncharacterized molecules	
0.187812013126662	Uncharacterized molecules	
0.187388234466769	Amino acids	
0.187272520476625	Xenobiotics	
0.187230149845073	Amino acids	
0.187199350383535	Lipids	
0.186968028224953	Lipids	
0.186506779140798	Lipids	
0.186417053252461	Lipids	
0.18630893919617	Lipids	
0.18626564682529	Peptides	
0.186138033739447	Lipids	
0.185975670183171	Lipids	
0.185872622446291	Amino acids	
0.185736621854797	Nucleotides	
0.185677351572099	Xenobiotics	
0.18556836211581	Xenobiotics	
0.18502066040167	Lipids	
0.184885577609616	Amino acids	
0.184742072522427	Lipids	
0.184203362102901	Lipids	
0.183821986135111	Cofactors and vitamins	
0.183689954145313	Lipids	
0.18368966311241	Amino acids	
0.183613849422771	Amino acids	
0.183293846809313	Xenobiotics	
0.183286615341624	Uncharacterized molecules	
0.183242125955813	Amino acids	
0.183174428157823	Lipids	
0.183115882136197	Cofactors and vitamins	
0.182518922472027	Uncharacterized molecules	
0.182494747519637	Lipids	
0.182267443180043	Uncharacterized molecules	
0.182244559828747	Uncharacterized molecules	
0.182195995527974	Xenobiotics	
0.181942985406408	Lipids	
0.181826240382038	Lipids	
0.181657749374761	Lipids	
0.180976010436495	Uncharacterized molecules	
0.180841594171586	Lipids	
0.180802283942962	Xenobiotics	
0.180760726013696	Lipids	
0.180680486479776	Amino acids	
0.18064726130605	Lipids	
0.180642326882198	Uncharacterized molecules	
0.180609967007047	Lipids	
0.180206400167393	Lipids	
0.180145183728002	Lipids	
0.180040375697177	Lipids	
0.179898024571161	Xenobiotics	
0.179662892237688	Xenobiotics	
0.179654716482409	Amino acids	
0.179482672127631	Xenobiotics	
0.179441842533397	Uncharacterized molecules	
0.17941162770886	Xenobiotics	
0.179349665323877	Lipids	
0.179336575967574	Uncharacterized molecules	
0.179323910003315	Lipids	
0.179144293782279	Part. characterized molecules	
0.17901783858387	Xenobiotics	
0.178684845443319	Lipids	
0.178662721331223	Carbohydrates	
0.17826740630679	Uncharacterized molecules	
0.178179326081335	Peptides	
0.178066056012935	Lipids	
0.178004615841463	Lipids	
0.177906700045494	Xenobiotics	
0.177806802130768	Uncharacterized molecules	
0.177570604587183	Lipids	
0.177503595686832	Uncharacterized molecules	
0.177244891274563	Lipids	
0.177198234002396	Lipids	
0.177039740892785	Lipids	
0.176955089768359	Uncharacterized molecules	
0.176831560821879	Lipids	
0.176784738865301	Amino acids	
0.176776523701762	Lipids	
0.176516801218955	Xenobiotics	
0.17632795808282	Uncharacterized molecules	
0.176268046473114	Lipids	
0.175700869188872	Peptides	
0.175512773379417	Uncharacterized molecules	
0.175045531045618	Carbohydrates	
0.175028648090732	Uncharacterized molecules	
0.174891276098666	Uncharacterized molecules	
0.17487607738987	Part. characterized molecules	
0.174853089343842	Lipids	
0.174516701605856	Cofactors and vitamins	
0.174347593674356	Uncharacterized molecules	
0.174328644612623	Lipids	
0.17413849744031	Uncharacterized molecules	
0.173953958943152	Amino acids	
0.173856424953399	Xenobiotics	
0.173817978706299	Amino acids	
0.173725186019714	Amino acids	
0.173705161272611	Lipids	
0.173697456084682	Amino acids	
0.173372816115605	Amino acids	
0.173199164132692	Lipids	
0.173181647385565	Amino acids	
0.173123325118807	Lipids	
0.173052282537552	Xenobiotics	
0.172879362638807	Xenobiotics	
0.1726287926195	Amino acids	
0.172503561123415	Amino acids	
0.17229564986158	Carbohydrates	
0.171982379618303	Lipids	
0.17189849252756	Lipids	
0.171675540644571	Lipids	
0.171663702498357	Lipids	
0.171568797604681	Amino acids	
0.171240716142952	Uncharacterized molecules	
0.171237254991545	Amino acids	
0.171014454220019	Amino acids	
0.170946536014978	Lipids	
0.170794160932354	Uncharacterized molecules	
0.170757283942886	Lipids	
0.170687921992047	Amino acids	
0.170086338446705	Lipids	
0.170084230538827	Lipids	
0.169502944413733	Uncharacterized molecules	
0.169355268865369	Lipids	
0.16924502292738	Lipids	
0.168983409122112	Lipids	
0.168982178571457	Xenobiotics	
0.168907122304663	Lipids	
0.168902355100979	Uncharacterized molecules	
0.168229760548115	Uncharacterized molecules	
0.168143794796789	Lipids	
0.168138699522632	Lipids	
0.167977529217292	Uncharacterized molecules	
0.16796369275699	Amino acids	
0.167831924684613	Uncharacterized molecules	
0.167576299515635	Lipids	
0.167536642064605	Lipids	
0.167416471829281	Lipids	
0.167402308714325	Amino acids	
0.167380284633151	Lipids	
0.167296954047777	Lipids	
0.16717057592521	Lipids	
0.167159967815443	Lipids	
0.167156862653835	Carbohydrates	
0.167117633693718	Peptides	
0.166964473929568	Xenobiotics	
0.166867289762469	Xenobiotics	
0.166761201829717	Lipids	
0.166737325738635	Amino acids	
0.166687158838176	Uncharacterized molecules	
0.166527405769006	Uncharacterized molecules	
0.166525816509533	Lipids	
0.166503393247169	Lipids	
0.166402502405846	Cofactors and vitamins	
0.16605898400166	Amino acids	
0.165656976465927	Uncharacterized molecules	
0.165100047980574	Lipids	
0.164613859891993	Lipids	
0.164554042117081	Amino acids	
0.164521763164695	Lipids	
0.164423839043485	Xenobiotics	
0.164286314538197	Uncharacterized molecules	
0.164258600787511	Lipids	
0.164207612837621	Lipids	
0.163880263425045	Uncharacterized molecules	
0.163413704704457	Amino acids	
0.163377347646943	Lipids	
0.162852719623747	Lipids	
0.162760104457828	Uncharacterized molecules	
0.162286878964003	Carbohydrates	
0.162201153716162	Amino acids	
0.162011435348915	Amino acids	
0.16180205398201	Lipids	
0.161780101549447	Uncharacterized molecules	
0.161291339920601	Uncharacterized molecules	
0.161232621110117	Uncharacterized molecules	
0.161178275926251	Uncharacterized molecules	
0.161170338395122	Uncharacterized molecules	
0.161010902595618	Uncharacterized molecules	
0.16099418688103	Uncharacterized molecules	
0.160812127283729	Xenobiotics	
0.160810641296185	Lipids	
0.160707394531754	Amino acids	
0.160702688662735	Xenobiotics	
0.160683682598739	Xenobiotics	
0.160534332576595	Lipids	
0.160509919431904	Lipids	
0.16030980300171	Lipids	
0.159804288947854	Cofactors and vitamins	
0.159741132092506	Lipids	
0.159647342712444	Lipids	
0.15955397960649	Cofactors and vitamins	
0.159112317349427	Lipids	
0.159098266066595	Uncharacterized molecules	
0.158978842377683	Lipids	
0.15885825344621	Amino acids	
0.1586547403566	Amino acids	
0.158646835223997	Nucleotides	
0.158565748884441	Lipids	
0.158352812379184	Lipids	
0.158328294714495	Lipids	
0.15812754731286	Lipids	
0.157928663580658	Peptides	
0.157895268867225	Lipids	
0.157802450390227	Uncharacterized molecules	
0.157542864323379	Lipids	
0.15752480362616	Amino acids	
0.157439166240103	Lipids	
0.157376391604677	Uncharacterized molecules	
0.15722534195769	Lipids	
0.15713020630245	Nucleotides	
0.157081412228981	Lipids	
0.156979934884268	Uncharacterized molecules	
0.156628294671214	Uncharacterized molecules	
0.15660146387265	Xenobiotics	
0.15645258172397	Lipids	
0.156441411957958	Uncharacterized molecules	
0.156358640899012	Lipids	
0.15595638764521	Lipids	
0.155937332794143	Lipids	
0.155901372352363	Xenobiotics	
0.155818974140996	Lipids	
0.155782990803762	Lipids	
0.155604872433845	Uncharacterized molecules	
0.155416862992246	Uncharacterized molecules	
0.155299754090057	Nucleotides	
0.155215021275035	Lipids	
0.154847049660666	Amino acids	
0.154843834578109	Lipids	
0.154826098422437	Xenobiotics	
0.154548562228579	Lipids	
0.154444615793997	Carbohydrates	
0.154093554243638	Lipids	
0.153952185396155	Uncharacterized molecules	
0.153556177840828	Lipids	
0.153538448423879	Lipids	
0.153495666020752	Amino acids	
0.153328629733572	Lipids	
0.153202489630655	Uncharacterized molecules	
0.15315560963807	Uncharacterized molecules	
0.152935696182766	Amino acids	
0.152844360704172	Amino acids	
0.152606535807729	Uncharacterized molecules	
0.152584607247216	Amino acids	
0.152525975298616	Lipids	
0.152463658668143	Lipids	
0.15246168392824	Uncharacterized molecules	
0.152450038522449	Lipids	
0.152355544760515	Uncharacterized molecules	
0.152340358070111	Amino acids	
0.152293538239202	Lipids	
0.152269954648711	Lipids	
0.152253793343767	Lipids	
0.152251137301124	Xenobiotics	
0.152183252295654	Lipids	
0.15218048354896	Amino acids	
0.15215454561113	Lipids	
0.151937870731389	Xenobiotics	
0.15189472998062	Energy	
0.150891922288193	Xenobiotics	
0.150881304549238	Uncharacterized molecules	
0.150878860578697	Lipids	
0.150685564049534	Amino acids	
0.150653759282012	Lipids	
0.150585973230109	Uncharacterized molecules	
0.150441718046968	Xenobiotics	
0.150439087921875	Amino acids	
0.150404533951248	Xenobiotics	
0.150374500165769	Lipids	
0.150311511639187	Amino acids	
0.150195972788148	Amino acids	
0.150092932701808	Peptides	
0.149924775811766	Carbohydrates	
0.14980384088081	Lipids	
0.1497642173443	Energy	
0.149758570040601	Peptides	
0.149668492483408	Lipids	
0.149654063020508	Lipids	
0.149524100351806	Lipids	
0.149352902963763	Lipids	
0.149189903451673	Lipids	
0.149023547012589	Lipids	
0.148964914087994	Lipids	
0.148932396447972	Amino acids	
0.148921594418534	Amino acids	
0.148850155946747	Lipids	
0.14869202910221	Lipids	
0.148496681372061	Xenobiotics	
0.148484730339469	Nucleotides	
0.148385540489271	Lipids	
0.148343924182744	Amino acids	
0.148275387729642	Amino acids	
0.147815098607525	Amino acids	
0.147498367385606	Lipids	
0.147394076162105	Amino acids	
0.14728494929037	Nucleotides	
0.147020266433023	Xenobiotics	
0.146914009922528	Carbohydrates	
0.1466793797217	Amino acids	
0.146561025543322	Nucleotides	
0.14655519512873	Uncharacterized molecules	
0.146532627836102	Part. characterized molecules	
0.146482701539082	Energy	
0.146347469265921	Lipids	
0.146308507329413	Uncharacterized molecules	
0.146239132045973	Amino acids	
0.146228776883813	Xenobiotics	
0.146170367395635	Lipids	
0.146125131103417	Amino acids	
0.146085930127416	Amino acids	
0.145742512558243	Uncharacterized molecules	
0.145564893153805	Lipids	
0.145414646987418	Xenobiotics	
0.145378069405593	Amino acids	
0.145347785878105	Amino acids	
0.145287633186549	Lipids	
0.145152137113062	Lipids	
0.145142633698862	Lipids	
0.14490717583051	Lipids	
0.144890238381381	Amino acids	
0.144860861203804	Lipids	
0.144819892678337	Lipids	
0.144812193490298	Lipids	
0.144510016247373	Lipids	
0.14435785027828	Amino acids	
0.144314017572038	Lipids	
0.144238948413421	Uncharacterized molecules	
0.144233434896976	Peptides	
0.144232954580023	Lipids	
0.143655579175733	Uncharacterized molecules	
0.143653258640769	Xenobiotics	
0.143640171903877	Amino acids	
0.143518268144793	Xenobiotics	
0.143399386065887	Amino acids	
0.143378137067342	Lipids	
0.143201947799174	Amino acids	
0.143146729162824	Cofactors and vitamins	
0.143047670454662	Lipids	
0.143006694539342	Xenobiotics	
0.142918880249284	Nucleotides	
0.142868910668109	Lipids	
0.142851889628503	Cofactors and vitamins	
0.142571857696615	Xenobiotics	
0.142398590687214	Lipids	
0.142336646290712	Lipids	
0.142286483346396	Xenobiotics	
0.141894350164723	Lipids	
0.141868383528606	Lipids	
0.141710990990408	Xenobiotics	
0.141502671314754	Amino acids	
0.140850809992469	Lipids	
0.140519099517823	Lipids	
0.140516825381217	Uncharacterized molecules	
0.140499806794785	Amino acids	
0.140498824058456	Lipids	
0.14026814193213	Uncharacterized molecules	
0.140175825411491	Lipids	
0.139945408410104	Lipids	
0.139892097230588	Lipids	
0.139802840315005	Lipids	
0.13977577393879	Uncharacterized molecules	
0.139604415069399	Xenobiotics	
0.139592516063732	Lipids	
0.139338367014121	Amino acids	
0.139245009497802	Amino acids	
0.139114903539405	Xenobiotics	
0.139089504338287	Uncharacterized molecules	
0.138939565308412	Lipids	
0.138938446585259	Amino acids	
0.138935860645043	Lipids	
0.13872755624116	Amino acids	
0.138552169290452	Lipids	
0.138275528812868	Lipids	
0.13822955492348	Peptides	
0.138225363995808	Xenobiotics	
0.138029964013621	Amino acids	
0.137932539167739	Uncharacterized molecules	
0.13784512498468	Amino acids	
0.137823821174061	Xenobiotics	
0.137634831080953	Amino acids	
0.137300919743136	Amino acids	
0.137195818045199	Lipids	
0.137005772817161	Lipids	
0.136893578009054	Nucleotides	
0.136893223177832	Cofactors and vitamins	
0.136724995003541	Uncharacterized molecules	
0.136520443662365	Cofactors and vitamins	
0.136469729400824	Lipids	
0.136415760498746	Amino acids	
0.136405653913674	Uncharacterized molecules	
0.13635432497807	Uncharacterized molecules	
0.136202771487323	Lipids	
0.136025216395444	Uncharacterized molecules	
0.13599526318558	Xenobiotics	
0.135955388598283	Lipids	
0.135811114941149	Lipids	
0.135793740133345	Xenobiotics	
0.135688131504508	Lipids	
0.135655508111223	Lipids	
0.135488068858716	Amino acids	
0.135337813728986	Amino acids	
0.135310270203594	Xenobiotics	
0.135200666608681	Xenobiotics	
0.135084573439966	Uncharacterized molecules	
0.13506936402903	Cofactors and vitamins	
0.135067293585515	Lipids	
0.135035274473604	Xenobiotics	
0.13499796867524	Xenobiotics	
0.134993781548904	Lipids	
0.134815833913856	Amino acids	
0.134779661743625	Nucleotides	
0.134712298892062	Lipids	
0.13436571220453	Uncharacterized molecules	
0.134361841782987	Lipids	
0.1342620398493	Peptides	
0.134232210477924	Amino acids	
0.133944646502914	Uncharacterized molecules	
0.133754198739575	Uncharacterized molecules	
0.133635443047935	Nucleotides	
0.133547456770855	Uncharacterized molecules	
0.133418790876304	Amino acids	
0.133324333956419	Part. characterized molecules	
0.133262917456928	Lipids	
0.133234885117053	Uncharacterized molecules	
0.133216786781489	Xenobiotics	
0.133209950678561	Lipids	
0.13284047907996	Lipids	
0.13281389779946	Uncharacterized molecules	
0.132718813815413	Carbohydrates	
0.132674924415011	Lipids	
0.132295000435482	Amino acids	
0.132187336791669	Lipids	
0.131842628053049	Lipids	
0.1318304359023	Uncharacterized molecules	
0.131796969196314	Part. characterized molecules	
0.131736642407925	Amino acids	
0.131701876224574	Lipids	
0.131694772691641	Amino acids	
0.131518128584364	Lipids	
0.131319051930436	Amino acids	
0.13101524008823	Amino acids	
0.130745301449575	Lipids	
0.13071945302827	Lipids	
0.130629379599745	Lipids	
0.130513016644825	Lipids	
0.130512142892627	Lipids	
0.130506972063243	Lipids	
0.13047215520963	Uncharacterized molecules	
0.130462347132635	Lipids	
0.130229811854087	Lipids	
0.130124474720446	Part. characterized molecules	
0.130108246692278	Amino acids	
0.130046450865059	Lipids	
0.129907003189252	Uncharacterized molecules	
0.129905032777527	Lipids	
0.12990194732193	Uncharacterized molecules	
0.129885099828377	Lipids	
0.12973329306595	Lipids	
0.129592828067035	Lipids	
0.1294511879115	Uncharacterized molecules	
0.129300509886367	Lipids	
0.129206197036161	Amino acids	
0.129152594138087	Lipids	
0.129108006863398	Lipids	
0.129002088036159	Lipids	
0.129001170249571	Xenobiotics	
0.128931975141952	Cofactors and vitamins	
0.128856023998035	Amino acids	
0.1287938549099	Lipids	
0.128613928251593	Lipids	
0.128354498016858	Amino acids	
0.127971117793733	Lipids	
0.127964026701779	Lipids	
0.127947446052575	Xenobiotics	
0.127740694501585	Lipids	
0.127724756667703	Uncharacterized molecules	
0.127609343115755	Amino acids	
0.127512676395451	Lipids	
0.127366963649181	Energy	
0.127324155552082	Amino acids	
0.127318315923725	Lipids	
0.12719797724022	Amino acids	
0.127116876145518	Lipids	
0.127065210238773	Cofactors and vitamins	
0.127061828467898	Carbohydrates	
0.127002533530896	Uncharacterized molecules	
0.126986712361469	Lipids	
0.126986182482314	Amino acids	
0.126928167834535	Lipids	
0.126926567121163	Lipids	
0.126867890785886	Amino acids	
0.126784382103689	Lipids	
0.126772012306319	Lipids	
0.126763066245035	Part. characterized molecules	
0.126685276936995	Lipids	
0.126645341086086	Lipids	
0.126603662652505	Energy	
0.126593726138261	Lipids	
0.126544246214885	Uncharacterized molecules	
0.126475726220179	Xenobiotics	
0.12642967567841	Lipids	
0.126333837154914	Carbohydrates	
0.126307596653778	Uncharacterized molecules	
0.126299916859132	Lipids	
0.126245891747939	Lipids	
0.126099094133467	Peptides	
0.126071046551729	Cofactors and vitamins	
0.126055032210784	Amino acids	
0.12602951500013	Uncharacterized molecules	
0.126024956538892	Lipids	
0.125974320201756	Lipids	
0.125917733579202	Amino acids	
0.125855563008702	Xenobiotics	
0.125662125810396	Lipids	
0.125649725857044	Xenobiotics	
0.125621207832733	Xenobiotics	
0.125508383280627	Carbohydrates	
0.125450470260239	Xenobiotics	
0.125215205089337	Lipids	
0.125146807326616	Amino acids	
0.125097963815172	Lipids	
0.125046776851713	Amino acids	
0.124913735611958	Lipids	
0.124814775006282	Lipids	
0.124784980886667	Amino acids	
0.124638404283816	Lipids	
0.124394584263206	Lipids	
0.124279138976706	Lipids	
0.124240406853515	Cofactors and vitamins	
0.124175231941636	Uncharacterized molecules	
0.123971441305316	Xenobiotics	
0.123754022098732	Amino acids	
0.123657386133549	Uncharacterized molecules	
0.12360448488768	Lipids	
0.123361318321432	Uncharacterized molecules	
0.123077893500728	Lipids	
0.122872948659298	Amino acids	
0.122754158870865	Lipids	
0.122709529712101	Uncharacterized molecules	
0.122689241076754	Lipids	
0.122664107364179	Lipids	
0.122646148136703	Part. characterized molecules	
0.122492834891064	Lipids	
0.122420500747439	Lipids	
0.122315376124702	Amino acids	
0.122197297109206	Amino acids	
0.122183337201825	Uncharacterized molecules	
0.122162373914626	Uncharacterized molecules	
0.122107278453557	Amino acids	
0.122035710220933	Amino acids	
0.122032339394308	Nucleotides	
0.122021433447022	Lipids	
0.121979942988303	Cofactors and vitamins	
0.121824124433832	Lipids	
0.121746998532905	Lipids	
0.121734524576953	Lipids	
0.121614553623054	Lipids	
0.121557510601737	Lipids	
0.121308391474777	Amino acids	
0.121226208976675	Xenobiotics	
0.121163325835954	Amino acids	
0.121109627677497	Xenobiotics	
0.121101349711185	Uncharacterized molecules	
0.121045757005161	Uncharacterized molecules	
0.12098622999234	Nucleotides	
0.120985284609207	Lipids	
0.120853501052062	Lipids	
0.120696068203696	Amino acids	
0.120643710749725	Amino acids	
0.120587443779274	Amino acids	
0.120409232185954	Lipids	
0.120302144311209	Peptides	
0.12029297640183	Lipids	
0.120238558412124	Xenobiotics	
0.12010559401692	Xenobiotics	
0.120081429978255	Energy	
0.11982357175638	Peptides	
0.119772676364051	Lipids	
0.119495398272997	Uncharacterized molecules	
0.11923151839351	Uncharacterized molecules	
0.119168712152074	Amino acids	
0.119159122465037	Amino acids	
0.119115169799754	Amino acids	
0.119107307439824	Lipids	
0.118869969923154	Uncharacterized molecules	
0.118679842107354	Lipids	
0.118670644745797	Lipids	
0.118572685049764	Amino acids	
0.118555683235191	Lipids	
0.118555332803331	Lipids	
0.118472440630902	Uncharacterized molecules	
0.118471643850763	Lipids	
0.118208635396926	Uncharacterized molecules	
0.118196183239175	Uncharacterized molecules	
0.118195725016693	Lipids	
0.118075898630814	Uncharacterized molecules	
0.117860182548743	Peptides	
0.117785001623862	Xenobiotics	
0.117717178769763	Amino acids	
0.117541936365386	Lipids	
0.117475535260537	Uncharacterized molecules	
0.117296779582082	Lipids	
0.117239773196634	Lipids	
0.11722342096006	Cofactors and vitamins	
0.117221768736679	Amino acids	
0.117189124238359	Amino acids	
0.117155067706501	Uncharacterized molecules	
0.117108996069482	Lipids	
0.116882406847088	Uncharacterized molecules	
0.116693134132178	Amino acids	
0.116459815471187	Uncharacterized molecules	
0.11638881332321	Lipids	
0.116348241290928	Amino acids	
0.116337140599566	Lipids	
0.116310771027171	Uncharacterized molecules	
0.116224293697524	Uncharacterized molecules	
0.11616771780682	Lipids	
0.116048872419295	Uncharacterized molecules	
0.115930249283995	Uncharacterized molecules	
0.115765033597061	Lipids	
0.115616099583866	Amino acids	
0.11550103525634	Lipids	
0.115407229957789	Lipids	
0.1154023633323	Lipids	
0.115296099374479	Uncharacterized molecules	
0.115101655939866	Amino acids	
0.1150566620043	Amino acids	
0.11491896926589	Uncharacterized molecules	
0.114893894095345	Peptides	
0.114652336966416	Xenobiotics	
0.11464001340436	Nucleotides	
0.114387498593533	Xenobiotics	
0.11433605815144	Amino acids	
0.113948712266537	Lipids	
0.113908466112918	Lipids	
0.113790653671887	Lipids	
0.113673417527721	Amino acids	
0.113564650565812	Amino acids	
0.113437490135341	Lipids	
0.113352837224834	Lipids	
0.113349036790232	Amino acids	
0.113058885202379	Lipids	
0.113019575949107	Cofactors and vitamins	
0.112730648149948	Lipids	
0.11272082633789	Uncharacterized molecules	
0.112717003032962	Uncharacterized molecules	
0.112683960422104	Xenobiotics	
0.112518386455607	Amino acids	
0.112498188283436	Cofactors and vitamins	
0.112430582873043	Xenobiotics	
0.11237363920417	Amino acids	
0.11236437535898	Amino acids	
0.112111571736701	Lipids	
0.112071190271722	Lipids	
0.112015978894301	Lipids	
0.111973782687083	Lipids	
0.111970685499935	Energy	
0.111913881019597	Lipids	
0.111895544680106	Xenobiotics	
0.111777689762221	Lipids	
0.111724617224725	Xenobiotics	
0.111616045682084	Part. characterized molecules	
0.1112444340688	Lipids	
0.111160162985769	Xenobiotics	
0.110873774315131	Nucleotides	
0.110852909265867	Lipids	
0.110762190560513	Amino acids	
0.110635496289403	Lipids	
0.110564685189342	Uncharacterized molecules	
0.110426762116237	Nucleotides	
0.110411312690445	Lipids	
0.110377275451366	Xenobiotics	
0.110355147724589	Lipids	
0.110260428864323	Amino acids	
0.110256080245275	Xenobiotics	
0.109952858917037	Lipids	
0.109794288116459	Amino acids	
0.109693364594951	Amino acids	
0.109399450355062	Uncharacterized molecules	
0.109390237566553	Uncharacterized molecules	
0.109308907415317	Amino acids	
0.109254681604344	Lipids	
0.109051687739158	Nucleotides	
0.108611522056902	Uncharacterized molecules	
0.10859227320224	Lipids	
0.108471889801546	Amino acids	
0.108009228056134	Cofactors and vitamins	
0.10788776230893	Lipids	
0.107709256942828	Amino acids	
0.107670884451597	Lipids	
0.107666268302928	Xenobiotics	
0.107642899627561	Lipids	
0.107536098951976	Lipids	
0.107495421145255	Part. characterized molecules	
0.107315890162773	Amino acids	
0.107241934448335	Nucleotides	
0.10717564242523	Xenobiotics	
0.107171874464767	Lipids	
0.107119187268273	Lipids	
0.107071218662363	Lipids	
0.107033397956477	Part. characterized molecules	
0.107030576917199	Amino acids	
0.107008457107329	Lipids	
0.106862857711708	Lipids	
0.106780715514629	Lipids	
0.106724861798436	Part. characterized molecules	
0.106662122454597	Amino acids	
0.106548205089969	Uncharacterized molecules	
0.106497387301623	Amino acids	
0.106319668457004	Xenobiotics	
0.106273322857178	Lipids	
0.10619867806748	Lipids	
0.10603045194254	Carbohydrates	
0.106003597161742	Nucleotides	
0.10554087763416	Lipids	
0.105467965488235	Lipids	
0.10542298559798	Nucleotides	
0.105115347040158	Lipids	
0.105073740402121	Uncharacterized molecules	
0.105054104907016	Xenobiotics	
0.105029303242585	Lipids	
0.104825937584129	Uncharacterized molecules	
0.104740979032047	Lipids	
0.104696489019098	Lipids	
0.104679443555246	Lipids	
0.104678733886396	Xenobiotics	
0.104481674825991	Lipids	
0.104465988386612	Uncharacterized molecules	
0.104297373299592	Amino acids	
0.104292918523874	Uncharacterized molecules	
0.104055543058629	Nucleotides	
0.104005957395862	Uncharacterized molecules	
0.104000769197923	Lipids	
0.103948236544307	Xenobiotics	
0.103874862334656	Lipids	
0.103517504764245	Xenobiotics	
0.103340922459078	Xenobiotics	
0.103260628769833	Uncharacterized molecules	
0.103248859671946	Uncharacterized molecules	
0.103140286099864	Uncharacterized molecules	
0.103117106112771	Uncharacterized molecules	
0.10289450547043	Lipids	
0.102852184072947	Lipids	
0.102810028901142	Lipids	
0.102433312968247	Uncharacterized molecules	
0.102289986997945	Carbohydrates	
0.102223484084682	Xenobiotics	
0.102128030644531	Amino acids	
0.102011696599314	Xenobiotics	
0.10198234536159	Nucleotides	
0.101970795339656	Lipids	
0.101906935593924	Lipids	
0.101833645948497	Nucleotides	
0.10172773925306	Lipids	
0.101705654726373	Uncharacterized molecules	
0.101665787954498	Lipids	
0.101645493786907	Xenobiotics	
0.101613448682548	Lipids	
0.101480311184219	Peptides	
0.101476815513776	Lipids	
0.101398916271847	Lipids	
0.101242143924764	Uncharacterized molecules	
0.101190025161154	Lipids	
0.101127550733101	Lipids	
0.100900244423786	Uncharacterized molecules	
0.100507782496402	Lipids	
0.100493381116954	Amino acids	
0.100425664271537	Uncharacterized molecules	
0.10023884052988	Peptides	
0.100191276534821	Lipids	
0.100069263702915	Amino acids	
0.100008760361823	Part. characterized molecules	
0.0999330440262813	Uncharacterized molecules	
0.0998038823168315	Amino acids	
0.0994368244873423	Amino acids	
0.0993860895486501	Amino acids	
0.0993684746855545	Part. characterized molecules	
0.0991661051145816	Xenobiotics	
0.0990982754015347	Uncharacterized molecules	
0.0990260131577927	Nucleotides	
0.0990206469014633	Lipids	
0.0984830103094968	Amino acids	
0.0984496141626567	Lipids	
0.0983891985906254	Lipids	
0.0981595628839408	Amino acids	
0.0981302730425104	Xenobiotics	
0.0979315628413152	Amino acids	
0.0977829938638407	Lipids	
0.0976038202108382	Lipids	
0.0972354863729759	Lipids	
0.0970361834992148	Cofactors and vitamins	
0.0968925671723936	Cofactors and vitamins	
0.0967337409490876	Amino acids	
0.0966369813293931	Lipids	
0.0966140634636232	Xenobiotics	
0.0965172162023917	Lipids	
0.0964595242563857	Amino acids	
0.096373602982002	Amino acids	
0.0959623519642795	Uncharacterized molecules	
0.0957438790946802	Xenobiotics	
0.0957216350269621	Part. characterized molecules	
0.0956051243545914	Lipids	
0.0954189683016265	Peptides	
0.0954024174285974	Lipids	
0.0953495971451742	Lipids	
0.0948998963820463	Amino acids	
0.0947526863053171	Nucleotides	
0.0945520035786123	Uncharacterized molecules	
0.0944939878549307	Uncharacterized molecules	
0.0944670947338516	Carbohydrates	
0.0939842223897899	Carbohydrates	
0.0936080535396111	Carbohydrates	
0.0935261578561791	Amino acids	
0.0935036625932568	Lipids	
0.093222295033941	Amino acids	
0.0930276519782724	Lipids	
0.0929170125438626	Xenobiotics	
0.0924664531834542	Energy	
0.0924389757103839	Lipids	
0.0923162458534834	Lipids	
0.0922793897627009	Lipids	
0.0919892015616684	Nucleotides	
0.0918310926090456	Lipids	
0.091800992728014	Uncharacterized molecules	
0.091771958121399	Uncharacterized molecules	
0.0915130616863938	Carbohydrates	
0.0912907094009534	Lipids	
0.0909960811033321	Xenobiotics	
0.0908107949046384	Peptides	
0.090238341894	Uncharacterized molecules	
0.0901552301640945	Uncharacterized molecules	
0.0899143410846649	Uncharacterized molecules	
0.0897702817827295	Lipids	
0.0895721092006526	Uncharacterized molecules	
0.089323274562073	Xenobiotics	
0.0893197280122479	Uncharacterized molecules	
0.0888452861489293	Lipids	
0.0885656693282817	Uncharacterized molecules	
0.0883576204968755	Xenobiotics	
0.0880599405552298	Uncharacterized molecules	
0.0873435010700453	Lipids	
0.086981482147532	Part. characterized molecules	
0.086840226861777	Uncharacterized molecules	
0.0867195737966187	Xenobiotics	
0.0864070733139859	Cofactors and vitamins	
0.0863861865508833	Carbohydrates	
0.0862247512475261	Xenobiotics	
0.0860584242496247	Amino acids	
0.0859375469603817	Uncharacterized molecules	
0.0857470085271286	Lipids	
0.0853950979410584	Lipids	
0.0853793838538451	Part. characterized molecules	
0.0853380675176922	Carbohydrates	
0.0847027839367149	Xenobiotics	
0.0846175923122408	Uncharacterized molecules	
0.084159653226339	Uncharacterized molecules	
0.0831171607714118	Xenobiotics	
0.0827135418054786	Lipids	
0.0825442445413295	Amino acids	
0.082163483003606	Part. characterized molecules	
0.0819101525724881	Cofactors and vitamins	
0.0808703284448057	Xenobiotics	
0.0806616565846833	Amino acids	
0.0803057447860805	Uncharacterized molecules	
0.0796646374065038	Part. characterized molecules	
0.0793869289317612	Xenobiotics	
0.0792926669999635	Uncharacterized molecules	
0.0782948435908034	Carbohydrates	
0.0781306276063084	Nucleotides	
0.0779921524079598	Xenobiotics	
0.0778618729083339	Nucleotides	
0.0778510410380198	Xenobiotics	
0.0777367253191483	Nucleotides	
0.0767679992652607	Lipids	
0.0757992099634223	Amino acids	
0.0755486753290484	Xenobiotics	
0.0751670261347427	Lipids	
0.0748626601902666	Lipids	
0.0746223169603441	Uncharacterized molecules	
0.0743676952048462	Amino acids	
0.0742834212096722	Carbohydrates	
0.0732571959027152	Nucleotides	
0.0726573992676483	Amino acids	
0.0720164725668661	Lipids	
0.0714212597732583	Nucleotides	
0.0704234227571372	Xenobiotics	
0.0694774368527348	Cofactors and vitamins	
0.0693157527417031	Xenobiotics	
0.0684451580787733	Xenobiotics	
0.0655641500739644	Xenobiotics	
0.0652503297244178	Amino acids	
0.0643127437527842	Xenobiotics	
0.0625359712933216	Lipids	
0.0607781454593583	Xenobiotics	
0.0564911388271544	Nucleotides	
0.0553135081067356	Nucleotides	
0.0479226097944632	Xenobiotics	
