x	y	color
0.459122081024422	1294	Uncharacterized molecules
0.418068306802342	1256	Uncharacterized molecules
0.416759069969917	1292	Uncharacterized molecules
0.405166515364528	1284	Uncharacterized molecules
0.358359667705886	1162	Xenobiotics
0.348495121849981	1225	Uncharacterized molecules
0.338707515975796	1227	Lipids
0.318982572445424	1125	Uncharacterized molecules
0.315322229448649	1176	Peptides
0.308909247162299	1117	Amino acids
0.308667569881423	1228	Uncharacterized molecules
0.291192573058859	1310	Xenobiotics
0.286645595703986	1250	Uncharacterized molecules
0.279342681641597	1249	Uncharacterized molecules
0.274105053338465	1187	Amino acids
0.273390016070821	1303	Uncharacterized molecules
0.270233068928823	650	Xenobiotics
0.267577537406355	1313	Xenobiotics
0.265611578667134	1098	Amino acids
0.26426827184838	1342	Lipids
0.262744113121048	1087	Peptides
0.251151870438963	1069	Xenobiotics
0.248105751113216	1059	Uncharacterized molecules
0.245759631947343	1153	Lipids
0.245456240432233	885	Uncharacterized molecules
0.244979886746783	1066	Lipids
0.237586866731542	1190	Lipids
0.232634448642765	1070	Lipids
0.226760575139048	1064	Lipids
0.225282986724922	833	Uncharacterized molecules
0.222212742080541	1291	Uncharacterized molecules
0.221689693241306	1052	Lipids
0.218975249772756	829	Uncharacterized molecules
0.218189296258708	1106	Uncharacterized molecules
0.216333364774981	1050	Cofactors and vitamins
0.212164329449033	975	Uncharacterized molecules
0.211219119839395	624	Cofactors and vitamins
0.210705630835441	1042	Uncharacterized molecules
0.204456267975961	1178	Uncharacterized molecules
0.198325000411255	1022	Lipids
0.196909699724824	1187	Uncharacterized molecules
0.195448357473453	789	Lipids
0.187589706185242	1091	Cofactors and vitamins
0.18713524565171	1035	Uncharacterized molecules
0.186793076093594	1071	Xenobiotics
0.186282008658028	946	Uncharacterized molecules
0.186173156851525	1101	Amino acids
0.184700690267646	1111	Cofactors and vitamins
0.18324866649638	883	Lipids
0.179771992788976	392	Xenobiotics
0.179065169881404	902	Lipids
0.178808148315187	1157	Xenobiotics
0.177899410348714	960	Amino acids
0.172898188459224	814	Uncharacterized molecules
0.172566246292641	1059	Xenobiotics
0.172158998920533	1207	Xenobiotics
0.167281455938766	1171	Lipids
0.164324075479725	968	Uncharacterized molecules
0.163078119644442	575	Xenobiotics
0.162037080421972	739	Uncharacterized molecules
0.161638143886865	1247	Uncharacterized molecules
0.16102182240961	596	Xenobiotics
0.159644784586011	1051	Lipids
0.158197523876737	486	Xenobiotics
0.154650311494979	883	Uncharacterized molecules
0.152496868414139	964	Uncharacterized molecules
0.15000328151732	1189	Xenobiotics
0.148856892369493	594	Lipids
0.147476626705825	931	Amino acids
0.147445765804049	673	Uncharacterized molecules
0.147300990713627	1005	Amino acids
0.146600759118884	955	Lipids
0.146333458942227	789	Uncharacterized molecules
0.146132898675742	765	Uncharacterized molecules
0.144922242888846	993	Peptides
0.144006702272798	874	Lipids
0.143591806471669	489	Xenobiotics
0.141697667293989	1047	Xenobiotics
0.140263343592555	643	Lipids
0.13565927586744	1232	Uncharacterized molecules
0.134737318424031	776	Amino acids
0.134150452468311	996	Xenobiotics
0.133958794009408	490	Uncharacterized molecules
0.133889119257314	476	Lipids
0.132860162935499	519	Xenobiotics
0.132299803180089	195	Lipids
0.131238564463318	587	Uncharacterized molecules
0.130932142363391	747	Uncharacterized molecules
0.130890210071447	995	Par. characterized molecules
0.129734341780997	1072	Lipids
0.128523125177973	783	Lipids
0.128494877894085	537	Xenobiotics
0.127091642583979	970	Amino acids
0.126257400538316	781	Uncharacterized molecules
0.124343632768586	1054	Lipids
0.124028688970444	1012	Lipids
0.123489386813507	543	Lipids
0.122171034297367	1042	Xenobiotics
0.12120717050603	942	Lipids
0.120948457138852	853	Cofactors and vitamins
0.119194416720165	428	Carbohydrates
0.116907822121834	587	Lipids
0.115089921946026	701	Lipids
0.112136731300182	590	Xenobiotics
0.111883333073108	753	Uncharacterized molecules
0.111835906698138	559	Uncharacterized molecules
0.111205084791632	932	Lipids
0.108646002289879	652	Xenobiotics
0.108494267354709	958	Lipids
0.108395598212511	826	Carbohydrates
0.107552004361652	903	Peptides
0.10733680185742	845	Uncharacterized molecules
0.106791023531262	835	Lipids
0.106666228347889	899	Xenobiotics
0.106492757112036	411	Amino acids
0.10641313576701	981	Uncharacterized molecules
0.105391434754628	1213	Uncharacterized molecules
0.105314953446347	961	Lipids
0.105147311412857	414	Xenobiotics
0.104693698834345	987	Cofactors and vitamins
0.104196327119617	763	Uncharacterized molecules
0.103816820777007	918	Lipids
0.103703476447291	954	Amino acids
0.103564246678849	646	Amino acids
0.103300831410344	299	Lipids
0.103205132143912	853	Xenobiotics
0.10305594569882	795	Xenobiotics
0.102488342512552	808	Lipids
0.102432775528023	606	Xenobiotics
0.100621301983301	417	Xenobiotics
0.100447433667631	764	Amino acids
0.100344026889097	1023	Uncharacterized molecules
0.100116861181863	608	Amino acids
0.0986731372204128	832	Xenobiotics
0.0985342579561589	850	Xenobiotics
0.0978339148623739	521	Uncharacterized molecules
0.0975011935577501	740	Lipids
0.0970372617631375	758	Lipids
0.0969311647206564	941	Xenobiotics
0.0967788220355384	636	Amino acids
0.0964080108346499	976	Xenobiotics
0.0958655774911933	808	Lipids
0.0954739899492483	872	Amino acids
0.095396051135619	696	Amino acids
0.0952515982046967	536	Uncharacterized molecules
0.094649904884509	321	Uncharacterized molecules
0.0940538118674687	737	Xenobiotics
0.0930584226531955	423	Amino acids
0.093008870558406	787	Lipids
0.0928469307353747	1078	Cofactors and vitamins
0.0927497336615273	930	Xenobiotics
0.0917805837692453	842	Uncharacterized molecules
0.091716518714273	738	Par. characterized molecules
0.091694493924453	791	Lipids
0.0912599837350979	870	Amino acids
0.0908874528798655	882	Amino acids
0.0907866925720671	1088	Xenobiotics
0.0901326933916527	231	Xenobiotics
0.0897046546356445	442	Cofactors and vitamins
0.0896473188214092	827	Uncharacterized molecules
0.0894360553681796	445	Amino acids
0.0887871933054775	834	Xenobiotics
0.0886128855056979	843	Xenobiotics
0.0884350641204769	600	Lipids
0.0884095338482164	845	Uncharacterized molecules
0.0879932220579469	734	Xenobiotics
0.0875974392126577	935	Lipids
0.0874214701858952	357	Uncharacterized molecules
0.0872440846512768	594	Amino acids
0.0870597789135513	925	Lipids
0.0866128130965081	771	Lipids
0.0864258059026851	313	Amino acids
0.0856022814228904	891	Peptides
0.0853053614222236	248	Xenobiotics
0.0838149285693458	390	Xenobiotics
0.0837116648606011	895	Amino acids
0.0835198970769622	896	Amino acids
0.0832533922631305	540	Xenobiotics
0.0829984368410093	521	Energy
0.0826415075384217	541	Uncharacterized molecules
0.0824779948865087	394	Uncharacterized molecules
0.0824362590767181	393	Xenobiotics
0.0823248720518491	739	Amino acids
0.0822551240501157	644	Lipids
0.0820319732085057	598	Uncharacterized molecules
0.0820286695104059	968	Lipids
0.0820173019908532	661	Xenobiotics
0.0814369849524119	886	Amino acids
0.0811937241095542	865	Uncharacterized molecules
0.0811322975321826	806	Uncharacterized molecules
0.0806554267026311	706	Xenobiotics
0.0805594319524736	958	Lipids
0.0802501045377735	732	Lipids
0.0801665989179002	530	Lipids
0.0794448127510009	927	Lipids
0.079364770315299	471	Uncharacterized molecules
0.0790194597238939	451	Xenobiotics
0.0790145597845993	884	Uncharacterized molecules
0.0789059839469302	427	Lipids
0.0788085399143928	634	Uncharacterized molecules
0.0787111595919038	587	Lipids
0.0776820109494279	298	Par. characterized molecules
0.0774227199439429	481	Lipids
0.077349575786505	827	Xenobiotics
0.07734032474632	788	Nucleotides
0.077138084540202	791	Amino acids
0.0769239887421918	977	Lipids
0.0766070353802333	984	Uncharacterized molecules
0.0762595227468315	1065	Uncharacterized molecules
0.0761608957140269	491	Lipids
0.075202810407879	558	Uncharacterized molecules
0.0749113962158262	614	Uncharacterized molecules
0.0746955441083716	548	Lipids
0.0744647444679225	366	Amino acids
0.0743945050401434	624	Amino acids
0.0743326923990813	520	Lipids
0.0743232132629082	581	Lipids
0.0740355094221332	928	Amino acids
0.0737831117277218	857	Lipids
0.0729909740959343	731	Uncharacterized molecules
0.07291455689259	888	Lipids
0.0726324705349919	596	Uncharacterized molecules
0.0726324197541425	525	Lipids
0.0725970799895891	508	Lipids
0.0725188520967628	387	Amino acids
0.0724877537509825	731	Uncharacterized molecules
0.0720805123000221	613	Xenobiotics
0.0720033579104427	904	Lipids
0.0719341105475717	599	Uncharacterized molecules
0.071849746273991	949	Lipids
0.071261661810571	731	Peptides
0.0712257013454029	893	Lipids
0.071148766166833	550	Xenobiotics
0.0709051493218473	914	Lipids
0.0706892659032538	835	Amino acids
0.0706216842168785	535	Uncharacterized molecules
0.0706012537412415	781	Amino acids
0.0705916854156388	56	Lipids
0.0705024548951502	714	Peptides
0.0703877373874177	833	Uncharacterized molecules
0.0703075108040886	517	Lipids
0.0700629877705956	677	Nucleotides
0.0697865712198454	575	Xenobiotics
0.0697521344127161	678	Uncharacterized molecules
0.0695071550733176	697	Lipids
0.0694912686212939	327	Xenobiotics
0.0689909937231089	840	Amino acids
0.0689853431583969	733	Xenobiotics
0.0684362822491887	1066	Lipids
0.0684005705382964	692	Lipids
0.0682153168971663	880	Lipids
0.0681854088616772	886	Amino acids
0.0680632961857646	614	Amino acids
0.0679871700963254	349	Lipids
0.0676870200490571	952	Xenobiotics
0.067331584697858	395	Lipids
0.0672041937588306	967	Lipids
0.0668394111437342	608	Uncharacterized molecules
0.0667695500789595	744	Amino acids
0.0663926151517916	313	Lipids
0.0662708901773252	483	Amino acids
0.0662260304143241	338	Uncharacterized molecules
0.0661271356612728	493	Xenobiotics
0.0659022601012421	633	Uncharacterized molecules
0.0658397951870084	645	Xenobiotics
0.0657314777691432	723	Cofactors and vitamins
0.0656969415786626	462	Xenobiotics
0.065654713666251	669	Xenobiotics
0.0656505484680629	739	Xenobiotics
0.0656154204545953	162	Amino acids
0.0655342233192226	178	Lipids
0.0653401827900937	763	Lipids
0.0651700883241514	616	Xenobiotics
0.0651479624714647	529	Xenobiotics
0.0650309853105781	864	Lipids
0.0648960886550777	700	Lipids
0.06485904154498	149	Lipids
0.0648430111134186	682	Uncharacterized molecules
0.0647771222486621	301	Xenobiotics
0.064668255408066	506	Uncharacterized molecules
0.0645914412144051	687	Lipids
0.0644581554427083	832	Xenobiotics
0.0642953093143116	599	Amino acids
0.0642444524992161	488	Lipids
0.0639951882738335	202	Uncharacterized molecules
0.0639336721419504	608	Uncharacterized molecules
0.0638507270568431	600	Lipids
0.0637246190125789	652	Lipids
0.0635032160416165	633	Xenobiotics
0.0633123506816095	802	Uncharacterized molecules
0.0630799919369572	626	Uncharacterized molecules
0.0629236672857866	635	Xenobiotics
0.0628684202581421	545	Xenobiotics
0.0628011638181748	293	Xenobiotics
0.0626469754207864	486	Lipids
0.062637196459844	545	Uncharacterized molecules
0.0625742785505231	765	Amino acids
0.0624764144093655	974	Lipids
0.0620065298702344	123	Lipids
0.06188160532042	422	Lipids
0.0617643748565846	295	Amino acids
0.0617045056522363	519	Xenobiotics
0.061588244740002	774	Amino acids
0.0606976010200732	603	Lipids
0.0606468196581959	268	Lipids
0.0602953995299678	247	Peptides
0.0602611414478265	272	Lipids
0.0601462246649877	237	Amino acids
0.0601342489412673	689	Lipids
0.0600654600969697	357	Xenobiotics
0.0597247260484443	781	Lipids
0.0594285814859703	690	Amino acids
0.0589977436290005	418	Xenobiotics
0.0589959636330294	298	Lipids
0.0585905070998599	654	Lipids
0.0584534244432335	428	Amino acids
0.0583000420808277	801	Xenobiotics
0.0582811134177355	430	Lipids
0.0582456007747732	652	Lipids
0.0580318506189878	638	Lipids
0.0577362061175302	332	Lipids
0.0576375594255313	413	Amino acids
0.0576029281308375	852	Lipids
0.0574062688378098	544	Xenobiotics
0.0569551288238579	630	Xenobiotics
0.0569088322775463	232	Lipids
0.056753202073853	625	Peptides
0.0566180917300872	738	Amino acids
0.0565243580582438	329	Lipids
0.0565069804106027	749	Uncharacterized molecules
0.0565034548073062	751	Carbohydrates
0.0564797106061526	488	Amino acids
0.0562765606316354	884	Lipids
0.0562643213376469	390	Uncharacterized molecules
0.0562373818678881	249	Lipids
0.0561333992989241	462	Lipids
0.0559953013698765	322	Xenobiotics
0.0559510718332412	289	Lipids
0.0559293301421795	749	Peptides
0.0558768408994605	469	Uncharacterized molecules
0.0558487421720908	790	Lipids
0.0558318906563091	205	Uncharacterized molecules
0.0557059714713874	592	Amino acids
0.0556515061763609	798	Xenobiotics
0.0555853864212075	381	Lipids
0.055502666774613	550	Amino acids
0.0553465151288026	677	Lipids
0.0547779536056196	338	Uncharacterized molecules
0.0544811696957224	775	Lipids
0.0544740574956092	848	Lipids
0.0542988745401713	802	Carbohydrates
0.0542140899108891	837	Xenobiotics
0.0541175407901422	914	Lipids
0.0540116488688612	871	Uncharacterized molecules
0.0535979463868988	693	Lipids
0.0535667576816572	362	Lipids
0.0534652063909748	813	Xenobiotics
0.0534338465593129	824	Uncharacterized molecules
0.053393131834569	738	Lipids
0.0533795516513712	184	Lipids
0.053340341877866	774	Cofactors and vitamins
0.0530579256937056	521	Xenobiotics
0.0530359848159494	650	Uncharacterized molecules
0.0530202046582691	277	Lipids
0.0529334079642531	501	Uncharacterized molecules
0.0527184577285791	58	Lipids
0.0526924626753422	711	Xenobiotics
0.0525822485046961	885	Lipids
0.0525049716633987	888	Carbohydrates
0.0524273035592655	751	Lipids
0.0523974718193558	237	Uncharacterized molecules
0.0520393795935715	501	Uncharacterized molecules
0.0517650810442429	832	Amino acids
0.051599431644288	517	Uncharacterized molecules
0.0515393787016965	237	Xenobiotics
0.0514913889593685	725	Lipids
0.0514289818746765	641	Lipids
0.0514215640754778	457	Uncharacterized molecules
0.0510687655169611	668	Carbohydrates
0.0510446170221279	856	Lipids
0.0505523515056387	457	Uncharacterized molecules
0.0504167739870178	707	Lipids
0.0503594996684992	97	Lipids
0.0502009156870177	698	Amino acids
0.0501102788907717	698	Uncharacterized molecules
0.0498309222268647	457	Uncharacterized molecules
0.0498262150552218	473	Lipids
0.0496212010655155	316	Lipids
0.0495863871106364	773	Amino acids
0.0495507273862236	196	Uncharacterized molecules
0.0493524399238657	692	Amino acids
0.04930329015496	810	Xenobiotics
0.0492888901184751	173	Lipids
0.0490925080536112	266	Lipids
0.048645115817769	529	Xenobiotics
0.0485547795656416	511	Xenobiotics
0.0485323829308773	315	Lipids
0.0483041351976267	251	Lipids
0.0483028600691383	366	Amino acids
0.0482510056122686	852	Lipids
0.048194500959018	535	Nucleotides
0.0481688434634236	927	Lipids
0.048096739408676	365	Uncharacterized molecules
0.0480592562083311	761	Lipids
0.0477618393916152	558	Energy
0.047467043558642	569	Xenobiotics
0.0474040214906638	896	Uncharacterized molecules
0.0473424953993048	425	Lipids
0.0471923818508993	480	Amino acids
0.0469291271669338	196	Xenobiotics
0.0467765564381173	814	Amino acids
0.046750957860687	522	Lipids
0.0467330512486491	567	Amino acids
0.0465734730104068	565	Uncharacterized molecules
0.0465124792435041	350	Lipids
0.0464347471081354	571	Xenobiotics
0.0464083998622574	590	Uncharacterized molecules
0.0463329079917083	915	Uncharacterized molecules
0.0463146178776525	798	Amino acids
0.0462920878000701	237	Uncharacterized molecules
0.0461797388384527	790	Lipids
0.0461303905375286	744	Lipids
0.0459495374474064	646	Amino acids
0.0459350240885299	584	Lipids
0.0455751626591726	876	Cofactors and vitamins
0.0455574083935891	699	Uncharacterized molecules
0.0455320334148813	194	Amino acids
0.0455257929592284	553	Nucleotides
0.0454763296258429	783	Amino acids
0.0454118132159102	737	Xenobiotics
0.0453686585506066	396	Xenobiotics
0.0453247143717918	442	Cofactors and vitamins
0.0451141130018036	457	Cofactors and vitamins
0.0450886404561259	253	Lipids
0.0450795757454135	654	Lipids
0.0449112765750336	760	Amino acids
0.0447959224697492	837	Uncharacterized molecules
0.0447221928078577	542	Lipids
0.0445751702404228	215	Uncharacterized molecules
0.0445748590352004	756	Lipids
0.0442805625590891	251	Amino acids
0.0442346483633391	832	Lipids
0.0441963078995912	655	Par. characterized molecules
0.0441313930477225	352	Amino acids
0.0440869329144772	323	Xenobiotics
0.0440702212387588	590	Lipids
0.0438058002790219	790	Xenobiotics
0.0435345719264934	583	Amino acids
0.0435186158125208	194	Lipids
0.0433238334697496	334	Uncharacterized molecules
0.0432773966035399	310	Amino acids
0.0429642133421116	479	Uncharacterized molecules
0.042845344472926	380	Xenobiotics
0.0428278787798544	310	Amino acids
0.0427837671137633	793	Amino acids
0.0427690643798172	187	Uncharacterized molecules
0.0427633889929883	421	Amino acids
0.0427200898903904	497	Uncharacterized molecules
0.0427038256618824	113	Lipids
0.0426758217117598	828	Lipids
0.0425219113333032	733	Amino acids
0.0424305752127801	212	Amino acids
0.0424269974329408	440	Uncharacterized molecules
0.0423048031093701	336	Amino acids
0.0422499469157598	470	Lipids
0.0421924071193643	195	Lipids
0.0420918729686919	704	Carbohydrates
0.0420821785207324	147	Lipids
0.041938380797962	795	Amino acids
0.04179388392606	691	Xenobiotics
0.0417463688543467	467	Uncharacterized molecules
0.04170651710411	552	Lipids
0.0416427384857538	261	Amino acids
0.0414539677014256	775	Amino acids
0.0414531566667281	589	Xenobiotics
0.0412746514605122	565	Lipids
0.041254066022632	239	Lipids
0.0412214385400184	351	Xenobiotics
0.0411767031808608	289	Lipids
0.0411623610418148	268	Xenobiotics
0.0410375525970602	587	Amino acids
0.0409803374315547	335	Lipids
0.040857412066823	519	Uncharacterized molecules
0.0408468833513996	540	Amino acids
0.0407444466512429	384	Amino acids
0.0400847572841852	241	Amino acids
0.0399013391394182	393	Amino acids
0.0397461215727859	160	Uncharacterized molecules
0.0396833503955768	339	Energy
0.0395117903333862	443	Amino acids
0.0393369307243784	459	Uncharacterized molecules
0.0393306618516786	213	Lipids
0.0392170027373068	134	Lipids
0.0390409276601391	265	Lipids
0.038884657989646	273	Uncharacterized molecules
0.0388485760973765	717	Lipids
0.0388421156944602	530	Amino acids
0.0387859780075142	128	Lipids
0.0386821854366905	556	Lipids
0.0386327123674663	382	Lipids
0.0385551162718551	641	Lipids
0.0384992533795028	221	Uncharacterized molecules
0.0384929499997499	74	Lipids
0.0384281654688364	586	Uncharacterized molecules
0.0383252472971188	731	Lipids
0.038136610282661	309	Uncharacterized molecules
0.0378625536182376	284	Uncharacterized molecules
0.0378498977076142	120	Lipids
0.0378180762036201	447	Lipids
0.0377200367194439	392	Uncharacterized molecules
0.0377013325009009	665	Lipids
0.0376967546096239	252	Amino acids
0.037607814228735	131	Lipids
0.0375649061813274	608	Energy
0.0374607723736336	872	Lipids
0.0374596051278248	96	Lipids
0.0374307015309027	362	Amino acids
0.0373657526039749	206	Lipids
0.0373163693917316	284	Uncharacterized molecules
0.0372139269179698	756	Energy
0.0371754127301209	325	Uncharacterized molecules
0.0371401764629024	659	Lipids
0.0370325372316887	166	Uncharacterized molecules
0.0369177494904825	158	Amino acids
0.0368642121105511	491	Amino acids
0.0368165811643651	470	Amino acids
0.0368165080138605	556	Lipids
0.0367388255437511	252	Par. characterized molecules
0.0367158724336803	225	Lipids
0.0366247022795268	450	Cofactors and vitamins
0.036513846683648	729	Lipids
0.0364779838696572	752	Lipids
0.0364542464993396	720	Lipids
0.0362922997176924	456	Amino acids
0.0362212494738352	659	Nucleotides
0.0361118204883346	521	Lipids
0.0360567006662004	985	Lipids
0.0359712115341936	692	Amino acids
0.0358423122108902	338	Uncharacterized molecules
0.0358242467543278	278	Lipids
0.0357091115853604	276	Xenobiotics
0.0354845039147893	320	Uncharacterized molecules
0.035445186764238	197	Lipids
0.03531637796236	458	Xenobiotics
0.035245422508073	520	Uncharacterized molecules
0.0351829478819014	168	Lipids
0.0350291483066146	671	Par. characterized molecules
0.0348523516674406	169	Lipids
0.0347448781758136	621	Uncharacterized molecules
0.0346622253152376	739	Lipids
0.0346516909563782	148	Lipids
0.0346510639205854	407	Xenobiotics
0.0344075106192052	762	Lipids
0.034400783328511	463	Uncharacterized molecules
0.0343468266761287	210	Lipids
0.0342532593151503	230	Lipids
0.034251297267029	209	Lipids
0.0341938279662602	640	Lipids
0.0341761079406996	361	Lipids
0.0341597849524345	389	Amino acids
0.0341481688872455	763	Uncharacterized molecules
0.034122867864477	161	Uncharacterized molecules
0.0340760927692457	214	Lipids
0.0340693761892708	155	Lipids
0.0340581218234527	594	Uncharacterized molecules
0.0340183123786926	697	Uncharacterized molecules
0.0337199064997427	540	Cofactors and vitamins
0.0336235115411282	424	Lipids
0.0335973076355598	695	Amino acids
0.0335572967126518	496	Xenobiotics
0.0335371703378305	634	Uncharacterized molecules
0.0335343501275373	219	Lipids
0.0334579659520141	161	Uncharacterized molecules
0.0333746580694273	231	Carbohydrates
0.0333109655725917	38	Xenobiotics
0.0332299327901586	571	Lipids
0.0328602400932005	272	Uncharacterized molecules
0.0328453986541701	327	Lipids
0.0328388638246403	306	Lipids
0.0327131489446328	245	Amino acids
0.0324543830328102	198	Peptides
0.0322752900369962	370	Amino acids
0.0321471342532218	144	Uncharacterized molecules
0.0321157433166106	645	Amino acids
0.0320349669958898	207	Xenobiotics
0.0319655381676253	115	Peptides
0.0319334534987216	387	Lipids
0.0319192706748028	581	Lipids
0.0318952903437865	254	Uncharacterized molecules
0.0315963128573402	323	Uncharacterized molecules
0.0314259038134093	504	Amino acids
0.0311666423154184	115	Lipids
0.0311561780412736	352	Uncharacterized molecules
0.0311307204701782	540	Lipids
0.0311204930168724	509	Lipids
0.0311086101828825	347	Lipids
0.0310924673915786	171	Lipids
0.0310876369148625	136	Lipids
0.0310727386960699	230	Lipids
0.0309830166933071	495	Lipids
0.0309198803147466	645	Nucleotides
0.0306345561700672	639	Xenobiotics
0.0304538488353097	431	Amino acids
0.0303405034072212	748	Amino acids
0.0303013769963849	248	Uncharacterized molecules
0.0302897229452629	387	Xenobiotics
0.03021003265312	476	Lipids
0.0301497529837714	665	Lipids
0.0301330011783684	804	Lipids
0.0300260897998183	328	Amino acids
0.0299025359569804	590	Lipids
0.0298773810244444	590	Lipids
0.0297383443525662	603	Xenobiotics
0.0297253244185471	425	Lipids
0.0296506432804411	192	Lipids
0.0296260509284843	280	Lipids
0.0295481323491272	521	Uncharacterized molecules
0.0295374041766747	290	Peptides
0.0293750063721344	111	Par. characterized molecules
0.0293609085418816	170	Lipids
0.0293458857050109	237	Lipids
0.0292861951699967	303	Lipids
0.02925467274781	879	Xenobiotics
0.0291617702376228	514	Uncharacterized molecules
0.028818293835297	225	Xenobiotics
0.0287697926814211	244	Amino acids
0.0287328821481471	550	Amino acids
0.0285902463280759	407	Amino acids
0.0285770009550002	604	Uncharacterized molecules
0.0285765458690387	407	Energy
0.0285414482475485	453	Cofactors and vitamins
0.0285178703012391	118	Uncharacterized molecules
0.0284748066108551	608	Nucleotides
0.028447157235236	178	Amino acids
0.0283773152321021	551	Nucleotides
0.0281994449208381	218	Amino acids
0.0281344289437566	241	Amino acids
0.0281272647891645	378	Amino acids
0.0281077708099041	311	Carbohydrates
0.0280946344707258	295	Amino acids
0.028063410897377	115	Lipids
0.0280524221940481	97	Uncharacterized molecules
0.028009593545429	258	Lipids
0.0279904765824094	560	Lipids
0.027882885893345	622	Lipids
0.0278234972981748	332	Lipids
0.0276904706239297	419	Amino acids
0.0276641630661376	506	Uncharacterized molecules
0.0276603990246982	481	Amino acids
0.0275441595199015	586	Amino acids
0.0274926350724518	428	Amino acids
0.0274790006046931	469	Uncharacterized molecules
0.0274694287776245	381	Amino acids
0.0274256461605202	557	Uncharacterized molecules
0.0273329268518681	626	Xenobiotics
0.027293948516387	249	Lipids
0.0272834381344886	99	Uncharacterized molecules
0.0271446224833637	368	Uncharacterized molecules
0.0271417496028683	796	Lipids
0.0271182224171878	159	Lipids
0.0270467797010745	630	Lipids
0.0269247411157948	413	Xenobiotics
0.0268056061398972	403	Lipids
0.0267702208824264	324	Amino acids
0.0267428634770219	171	Amino acids
0.026720857441471	214	Lipids
0.0266363034804892	439	Uncharacterized molecules
0.0265472510135098	341	Amino acids
0.0265410736549535	553	Peptides
0.0264929519416308	253	Par. characterized molecules
0.0264752389536886	726	Amino acids
0.0264029190706004	425	Lipids
0.0263696821217437	171	Uncharacterized molecules
0.0263674896547048	104	Lipids
0.0261728165269799	447	Amino acids
0.0261290632432236	271	Xenobiotics
0.026012383875713	235	Amino acids
0.025996798945151	193	Amino acids
0.0259181646623492	655	Lipids
0.0258388891494314	355	Lipids
0.0258255771415067	170	Lipids
0.0257632641654399	172	Amino acids
0.0257310022998549	165	Lipids
0.0256649853637169	657	Amino acids
0.0255781562358466	456	Xenobiotics
0.0254742297730822	501	Lipids
0.0254349249578557	352	Uncharacterized molecules
0.0253916487309924	290	Uncharacterized molecules
0.0252136620772456	403	Lipids
0.0252001484261366	174	Uncharacterized molecules
0.025145321477374	173	Xenobiotics
0.0249951467975972	505	Uncharacterized molecules
0.0249638909063284	405	Carbohydrates
0.0249042071598943	358	Lipids
0.0248961361647029	577	Cofactors and vitamins
0.0247516018055958	680	Lipids
0.0247324768649599	263	Nucleotides
0.0246331502792873	130	Lipids
0.0246188466095483	546	Uncharacterized molecules
0.0245895049414904	248	Uncharacterized molecules
0.0245811596531528	239	Xenobiotics
0.0244201678348847	73	Lipids
0.0243283045587957	238	Xenobiotics
0.0242887796692476	195	Amino acids
0.0241956950468061	258	Lipids
0.0241185129704404	371	Amino acids
0.0241158938473261	370	Lipids
0.0240467180402317	375	Amino acids
0.0239589851688327	231	Lipids
0.0239075647363851	567	Lipids
0.0238673711855107	596	Lipids
0.0238154156497692	378	Lipids
0.0237246615153513	527	Lipids
0.0237132997314778	172	Lipids
0.0236992408950838	469	Peptides
0.0236228474188916	177	Energy
0.0235537200854684	201	Lipids
0.0234380132896101	523	Xenobiotics
0.0234254138309704	331	Nucleotides
0.0233901554876392	557	Cofactors and vitamins
0.0233322119948887	532	Lipids
0.0233115904678134	507	Uncharacterized molecules
0.0232679190484611	133	Uncharacterized molecules
0.0232492336489988	584	Uncharacterized molecules
0.0232151741349534	201	Uncharacterized molecules
0.023171710424531	134	Lipids
0.0230372387161232	551	Lipids
0.0230359892243114	559	Amino acids
0.0230223596023397	361	Lipids
0.0229913454862815	187	Amino acids
0.0228013774803956	245	Lipids
0.022752319343716	233	Uncharacterized molecules
0.0227495174462194	284	Xenobiotics
0.0227342355337213	727	Amino acids
0.0226398703282032	453	Amino acids
0.0225525998615039	18	Par. characterized molecules
0.0225421992502712	420	Amino acids
0.022467673257996	332	Uncharacterized molecules
0.0223106976541488	306	Amino acids
0.0222233870981917	455	Amino acids
0.0221861553388186	282	Amino acids
0.0221112365791181	398	Uncharacterized molecules
0.0220793926770379	363	Cofactors and vitamins
0.0220221231911872	208	Amino acids
0.0220008075733507	238	Par. characterized molecules
0.0219681362098363	660	Lipids
0.0219469750643155	443	Lipids
0.0218904741875821	665	Xenobiotics
0.021853124479575	134	Amino acids
0.0218396742882912	520	Uncharacterized molecules
0.0218322117007867	373	Amino acids
0.0218211831729104	464	Lipids
0.0216497120414995	232	Xenobiotics
0.0216224309088317	245	Amino acids
0.0215920198967988	455	Lipids
0.0215346559829459	506	Amino acids
0.0214447306819516	463	Nucleotides
0.0213583088397853	36	Xenobiotics
0.0213570356610119	211	Amino acids
0.02129236850824	65	Amino acids
0.0212536716781887	463	Lipids
0.0212126739627357	305	Lipids
0.0211534144912333	380	Xenobiotics
0.0210648540461417	279	Lipids
0.0210612432395547	214	Lipids
0.021018105540218	647	Cofactors and vitamins
0.0209948534454435	269	Lipids
0.0209331468687852	298	Lipids
0.020897431690353	500	Lipids
0.0208704209296607	121	Lipids
0.0206845538524369	569	Carbohydrates
0.0206812742891894	365	Lipids
0.0206771571223045	233	Lipids
0.0206705118172489	445	Lipids
0.0206084361296815	136	Uncharacterized molecules
0.0204982795321463	224	Lipids
0.0204852660810826	432	Amino acids
0.0204715777071165	170	Xenobiotics
0.0203610275551661	497	Uncharacterized molecules
0.020352664207707	620	Amino acids
0.0203159104059199	296	Amino acids
0.0202990053709415	143	Lipids
0.0202581011135699	182	Carbohydrates
0.0202220820343349	451	Uncharacterized molecules
0.0201564310563401	202	Lipids
0.0201396029339421	139	Lipids
0.0200795493768069	286	Lipids
0.0200745748531204	277	Uncharacterized molecules
0.0200528058019938	161	Par. characterized molecules
0.0200409475173688	636	Carbohydrates
0.0199291600831941	102	Xenobiotics
0.019923727718775	198	Cofactors and vitamins
0.0198760337424866	171	Amino acids
0.0198542128502791	325	Amino acids
0.0198063141892281	95	Amino acids
0.0197606697534115	371	Amino acids
0.0197084923423558	390	Amino acids
0.019619802364552	222	Lipids
0.0195943251474871	300	Uncharacterized molecules
0.0195673644889257	83	Amino acids
0.0195464918751554	584	Lipids
0.0195191583711157	513	Amino acids
0.0194992801673445	353	Amino acids
0.0194815273913854	376	Lipids
0.0194433174713199	531	Uncharacterized molecules
0.0193370936332113	580	Lipids
0.0193335314047619	414	Amino acids
0.0191988617081302	207	Xenobiotics
0.0191620861294125	124	Lipids
0.0191530806620068	164	Lipids
0.0190350774210069	357	Uncharacterized molecules
0.0189480271932577	190	Lipids
0.0189430035498211	141	Lipids
0.0189001220627702	323	Uncharacterized molecules
0.0188587067171139	271	Xenobiotics
0.0188521919060663	588	Lipids
0.0188042274925918	270	Uncharacterized molecules
0.0187250511496975	197	Xenobiotics
0.0186968222438951	377	Xenobiotics
0.0186515794478424	303	Xenobiotics
0.0186176377943382	207	Lipids
0.0185645891461189	218	Peptides
0.0184804714488379	460	Amino acids
0.0184584271842565	285	Amino acids
0.0184459645163541	516	Peptides
0.0183797870060924	135	Amino acids
0.0183472035753639	627	Cofactors and vitamins
0.0183215563809513	80	Amino acids
0.0183138339549222	301	Lipids
0.0183108281340375	230	Uncharacterized molecules
0.0182861558758901	105	Lipids
0.0182461648244985	215	Lipids
0.0182384739856391	262	Amino acids
0.0181908730740985	271	Uncharacterized molecules
0.0181397254334149	86	Amino acids
0.018139700082161	387	Xenobiotics
0.0180406542020629	58	Lipids
0.0179778085350058	231	Amino acids
0.0179770793526259	209	Uncharacterized molecules
0.0178562182996819	55	Lipids
0.0177764900556316	74	Lipids
0.0177079804547249	68	Uncharacterized molecules
0.0177043517070462	533	Lipids
0.0176595848505889	290	Carbohydrates
0.0176198639001404	159	Uncharacterized molecules
0.0176198229724975	108	Lipids
0.0176050773821823	141	Lipids
0.0175890870144248	585	Lipids
0.0175852727882798	126	Nucleotides
0.0175410660509064	627	Lipids
0.0175186416479326	507	Uncharacterized molecules
0.0174615805682395	102	Uncharacterized molecules
0.0174445638217385	224	Uncharacterized molecules
0.0173166789347149	130	Xenobiotics
0.017314728050126	109	Lipids
0.0173015597924121	183	Uncharacterized molecules
0.0172402584019539	230	Uncharacterized molecules
0.0171761403458194	143	Xenobiotics
0.0171707666374229	438	Xenobiotics
0.0171482015022855	321	Uncharacterized molecules
0.0171395914119005	180	Uncharacterized molecules
0.0170683380850629	158	Lipids
0.0170660936792553	132	Lipids
0.017053196385636	377	Uncharacterized molecules
0.0170376967600166	120	Amino acids
0.0169813539203297	506	Lipids
0.0169462822378419	142	Uncharacterized molecules
0.0169015382451539	214	Lipids
0.0168555451186572	106	Lipids
0.0167850341155246	75	Lipids
0.0167003314342612	70	Cofactors and vitamins
0.016675062674212	735	Lipids
0.0166628036332299	449	Lipids
0.0166476051466959	252	Amino acids
0.0166040168622929	92	Uncharacterized molecules
0.0165874830573683	456	Uncharacterized molecules
0.0165157799296799	257	Lipids
0.0163795811506236	110	Lipids
0.0162727773864457	80	Lipids
0.0162721871355279	463	Lipids
0.0162678360702813	388	Lipids
0.0161833433873541	406	Nucleotides
0.0161582293822982	521	Nucleotides
0.0161354201395408	316	Uncharacterized molecules
0.0161278065712275	254	Lipids
0.0160977527268277	322	Uncharacterized molecules
0.0160928685276892	160	Amino acids
0.016088962676306	634	Nucleotides
0.0160646783404744	369	Lipids
0.016037974785714	35	Par. characterized molecules
0.0160358180395634	126	Lipids
0.0160300108108236	424	Uncharacterized molecules
0.0160186042070717	255	Nucleotides
0.0159808637927504	118	Lipids
0.0158787954524486	397	Xenobiotics
0.0158464692282934	209	Lipids
0.0158262899393199	285	Xenobiotics
0.0157968239219524	317	Cofactors and vitamins
0.015771232867476	159	Uncharacterized molecules
0.01573223385436	352	Lipids
0.0157187301614543	316	Lipids
0.015620072570951	387	Lipids
0.0155279092896002	313	Lipids
0.0154388160304931	433	Lipids
0.0153663598587207	450	Lipids
0.0152513038607941	271	Peptides
0.0152339489817005	380	Lipids
0.0152020469926781	482	Lipids
0.0151773052793476	142	Lipids
0.0151547585716085	174	Xenobiotics
0.015149854094224	112	Amino acids
0.0151069208664407	362	Lipids
0.0150901803630588	138	Lipids
0.0150601030908031	133	Carbohydrates
0.015057602919893	275	Amino acids
0.0150536797735908	199	Lipids
0.0150353677057133	412	Lipids
0.0149627173740254	309	Xenobiotics
0.014824319243207	214	Lipids
0.0148199403863159	262	Lipids
0.0147813510919887	467	Uncharacterized molecules
0.0147603699484981	133	Nucleotides
0.014621456348713	175	Uncharacterized molecules
0.0145046365078724	375	Xenobiotics
0.0144882128696477	103	Uncharacterized molecules
0.0144056192744014	299	Lipids
0.0143091687846729	82	Uncharacterized molecules
0.0143006308228085	400	Uncharacterized molecules
0.0142895751658875	98	Lipids
0.0142671656098127	111	Lipids
0.014255724960814	94	Uncharacterized molecules
0.0142522159572081	76	Amino acids
0.0142381223379181	88	Uncharacterized molecules
0.014191211231581	124	Par. characterized molecules
0.0141294648924599	278	Cofactors and vitamins
0.0140942107901723	361	Amino acids
0.0140898218674161	338	Uncharacterized molecules
0.0140846135120061	349	Lipids
0.0140782447403968	375	Uncharacterized molecules
0.0140713709203608	102	Xenobiotics
0.0140144619111207	567	Lipids
0.01399981421113	195	Energy
0.0139630368786964	79	Lipids
0.013953047729796	21	Lipids
0.0138858694508799	146	Nucleotides
0.0138463460733563	352	Amino acids
0.0138290980625561	350	Lipids
0.0138182719028092	186	Nucleotides
0.013818194140314	223	Lipids
0.0137310151207144	435	Lipids
0.0136032962160175	251	Amino acids
0.0135431154367106	334	Lipids
0.0135182964775632	288	Amino acids
0.0135173336810684	88	Lipids
0.0135147078599911	48	Xenobiotics
0.0134946651252925	515	Amino acids
0.0134875792718362	168	Lipids
0.013478746367772	150	Lipids
0.0134646593271821	163	Peptides
0.0134570817995677	129	Lipids
0.0134439070240599	68	Lipids
0.0131864938520514	203	Amino acids
0.0131511928106353	61	Lipids
0.0131225641533755	345	Lipids
0.0131172707288003	359	Lipids
0.013025347060834	269	Lipids
0.0130212435355279	229	Amino acids
0.0129850166623769	259	Lipids
0.0129651489706132	304	Lipids
0.0128543664282558	336	Peptides
0.0127707053694718	152	Nucleotides
0.0127187636372295	268	Xenobiotics
0.0127109202139356	275	Lipids
0.0126494104002211	109	Lipids
0.0126447401632877	203	Amino acids
0.0126407564757992	159	Uncharacterized molecules
0.0125632052319376	326	Par. characterized molecules
0.0124956918885573	360	Carbohydrates
0.0124451329768775	130	Lipids
0.0122878534909536	378	Lipids
0.0122693803711769	210	Lipids
0.0122599294361148	124	Lipids
0.0122489719737224	172	Lipids
0.0122249060872957	117	Lipids
0.0122167803374113	88	Lipids
0.012202421752714	332	Lipids
0.0122020609911396	126	Amino acids
0.0121808370267485	257	Uncharacterized molecules
0.0120774456980304	126	Uncharacterized molecules
0.0120344458829485	216	Uncharacterized molecules
0.0120331278557199	339	Uncharacterized molecules
0.0120131030976516	350	Par. characterized molecules
0.0119773474320962	537	Nucleotides
0.0119483195504414	335	Uncharacterized molecules
0.0119094785803297	93	Uncharacterized molecules
0.0118295631617363	339	Amino acids
0.0118257643002798	481	Xenobiotics
0.0117672656251725	85	Lipids
0.0117573244217058	357	Lipids
0.011752079029119	77	Uncharacterized molecules
0.0117430118107527	351	Par. characterized molecules
0.0117134347596886	347	Lipids
0.0116240606592485	167	Lipids
0.0116163287934288	65	Lipids
0.0115646772497234	364	Amino acids
0.0114756256661676	64	Xenobiotics
0.0114424685260713	195	Xenobiotics
0.0113868834193772	142	Xenobiotics
0.0113554130394872	262	Amino acids
0.0113545413060676	115	Lipids
0.0113415337456347	280	Lipids
0.0113180543932885	346	Lipids
0.0113045975506815	154	Amino acids
0.0113020726966769	165	Lipids
0.0113006769170501	105	Lipids
0.0112255159090987	252	Cofactors and vitamins
0.0112119797175498	374	Uncharacterized molecules
0.0111806024411605	113	Lipids
0.0111292417764465	362	Lipids
0.0109569886061532	213	Lipids
0.0109213691218784	234	Carbohydrates
0.0108809712306885	300	Amino acids
0.0108791949922668	178	Cofactors and vitamins
0.0108069048401329	56	Cofactors and vitamins
0.0107929303637846	117	Lipids
0.0107813635212591	318	Par. characterized molecules
0.0107321986668816	433	Amino acids
0.0107187216519376	193	Amino acids
0.0106526519442735	25	Xenobiotics
0.010646493372677	112	Amino acids
0.0105734007115946	115	Cofactors and vitamins
0.010534213811144	177	Amino acids
0.0104603787278802	246	Lipids
0.0104578716187879	204	Lipids
0.0104573871635383	268	Par. characterized molecules
0.0103491589498952	286	Uncharacterized molecules
0.0103181158206473	60	Lipids
0.0102680982437878	222	Amino acids
0.0102611744984331	104	Amino acids
0.0102400682410653	37	Uncharacterized molecules
0.0102375590297473	82	Lipids
0.0102128934565977	340	Par. characterized molecules
0.0102057907805851	511	Uncharacterized molecules
0.0101451560755952	447	Xenobiotics
0.0100680770252219	125	Uncharacterized molecules
0.010055984550243	203	Lipids
0.0100294996155553	164	Xenobiotics
0.0100031439067159	253	Lipids
0.00992449538209978	74	Uncharacterized molecules
0.00988063410033499	423	Lipids
0.00984170431003722	136	Lipids
0.00982085679563299	277	Amino acids
0.00975624862959897	311	Nucleotides
0.00975263527317303	250	Lipids
0.00950006102038994	114	Amino acids
0.00949167929217818	281	Lipids
0.00948200641019249	159	Nucleotides
0.00939187137624865	92	Par. characterized molecules
0.00933853231518528	71	Lipids
0.00933608419797391	101	Lipids
0.00932410586295836	358	Amino acids
0.00928048866994616	105	Lipids
0.00924805125473379	144	Amino acids
0.00923599407453771	69	Lipids
0.00923368574092889	155	Peptides
0.00919538628827699	39	Uncharacterized molecules
0.00916439295644114	358	Uncharacterized molecules
0.00906745669958621	432	Lipids
0.00905243298309622	313	Xenobiotics
0.00903982828105393	278	Amino acids
0.00903669153368394	77	Xenobiotics
0.00899995434933888	418	Lipids
0.00897972647686391	171	Amino acids
0.00896237302589305	168	Lipids
0.00895721955205422	358	Par. characterized molecules
0.00893871056678238	222	Uncharacterized molecules
0.00874322466078374	486	Lipids
0.00871619614629533	281	Nucleotides
0.00871601751709332	148	Nucleotides
0.0085497579853693	65	Lipids
0.00850560120065859	17	Xenobiotics
0.00845367752573029	340	Amino acids
0.0084082345330943	185	Lipids
0.00838271926546809	124	Lipids
0.00834973203061414	415	Amino acids
0.00828923012004456	26	Lipids
0.00827726328998612	102	Amino acids
0.00827599153312357	244	Lipids
0.00827513631697474	117	Xenobiotics
0.00804375759229709	165	Xenobiotics
0.00795538901382895	321	Xenobiotics
0.00793181383183848	127	Nucleotides
0.007854428470333	198	Nucleotides
0.00764852920810287	212	Amino acids
0.00764407943294099	73	Lipids
0.00760294583304673	72	Carbohydrates
0.00752951625708203	150	Lipids
0.0074201359902362	177	Cofactors and vitamins
0.00741305974793267	218	Amino acids
0.00739255720835246	268	Xenobiotics
0.00737386722448242	246	Lipids
0.00736180876389169	155	Lipids
0.00733170529728797	302	Xenobiotics
0.00731487906837882	201	Xenobiotics
0.00728804942633097	170	Carbohydrates
0.00726225395817889	85	Par. characterized molecules
0.00721814348376295	223	Xenobiotics
0.00719844595259799	41	Amino acids
0.00718166279138609	28	Uncharacterized molecules
0.00715509389509676	47	Uncharacterized molecules
0.00712106960922043	118	Amino acids
0.00709388718215485	189	Amino acids
0.0070373862096589	156	Amino acids
0.00701874562292814	248	Xenobiotics
0.00694429627962582	51	Lipids
0.00675671220666503	72	Amino acids
0.00671250664930475	170	Par. characterized molecules
0.00663862305657667	253	Xenobiotics
0.00661767605773031	295	Xenobiotics
0.00653611358218203	25	Carbohydrates
0.00636007931467328	303	Xenobiotics
0.00631620862251189	352	Xenobiotics
0.00625482312909537	352	Cofactors and vitamins
0.00618395868011004	180	Uncharacterized molecules
0.00601461035947182	40	Xenobiotics
0.00601278580366024	95	Lipids
0.00600973314917642	38	Carbohydrates
0.00599827788794267	285	Xenobiotics
0.00588146763818521	162	Par. characterized molecules
0.00584342357301958	172	Uncharacterized molecules
0.00582156886655616	57	Peptides
0.00580699577443219	123	Cofactors and vitamins
0.00577678013258561	105	Xenobiotics
0.00577446278345052	44	Amino acids
0.00570672169257455	323	Xenobiotics
0.00552324797582075	31	Xenobiotics
0.00544834722592764	256	Lipids
0.00541145220155902	171	Lipids
0.00536420159398094	71	Uncharacterized molecules
0.00529779126123356	163	Amino acids
0.00529149304607269	130	Xenobiotics
0.00497391844758091	74	Lipids
0.00485476298076803	190	Uncharacterized molecules
0.0047989050002196	183	Xenobiotics
0.00478395109775718	83	Amino acids
0.00477326771564732	123	Xenobiotics
0.00470512993191268	215	Uncharacterized molecules
0.00469492982280289	35	Uncharacterized molecules
0.00466963298216994	139	Uncharacterized molecules
0.00463826678705551	199	Xenobiotics
0.00463191579803008	226	Nucleotides
0.0044429938935082	156	Lipids
0.00431161385781437	99	Uncharacterized molecules
0.00408263053076217	90	Amino acids
0.00371247982055331	52	Cofactors and vitamins
0.00363117427878316	63	Lipids
0.00360017715773206	62	Par. characterized molecules
0.00350317962400176	61	Xenobiotics
0.00341374973216012	236	Uncharacterized molecules
0.00307703017796098	150	Lipids
0.00302556528229029	163	Xenobiotics
0.00269316668085533	101	Lipids
0.00244444848139158	16	Uncharacterized molecules
0.00231265192734307	43	Amino acids
0.00222937889506606	39	Cofactors and vitamins
0.00187860915149477	43	Amino acids
0.00174846349666099	86	Uncharacterized molecules
0.00162985771446812	30	Amino acids
