x	color	label
0.459122081024422	Uncharacterized molecules	X - 11850
0.418068306802342	Uncharacterized molecules	
0.416759069969917	Uncharacterized molecules	
0.405166515364528	Uncharacterized molecules	
0.358359667705886	Xenobiotics	p-cresol sulfate
0.348495121849981	Uncharacterized molecules	
0.338707515975796	Lipids	isoursodeoxycholate
0.318982572445424	Uncharacterized molecules	
0.315322229448649	Peptides	phenylacetylglutamine
0.308909247162299	Amino acids	p-cresol glucuronide*
0.308667569881423	Uncharacterized molecules	
0.291192573058859	Xenobiotics	
0.286645595703986	Uncharacterized molecules	
0.279342681641597	Uncharacterized molecules	
0.274105053338465	Amino acids	
0.273390016070821	Uncharacterized molecules	
0.270233068928823	Xenobiotics	
0.267577537406355	Xenobiotics	
0.265611578667134	Amino acids	
0.26426827184838	Lipids	
0.262744113121048	Peptides	
0.251151870438963	Xenobiotics	
0.248105751113216	Uncharacterized molecules	
0.245759631947343	Lipids	
0.245456240432233	Uncharacterized molecules	
0.244979886746783	Lipids	
0.237586866731542	Lipids	
0.232634448642765	Lipids	
0.226760575139048	Lipids	
0.225282986724922	Uncharacterized molecules	
0.222212742080541	Uncharacterized molecules	
0.221689693241306	Lipids	
0.218975249772756	Uncharacterized molecules	
0.218189296258708	Uncharacterized molecules	
0.216333364774981	Cofactors and vitamins	beta-cryptoxanthin
0.212164329449033	Uncharacterized molecules	
0.211219119839395	Cofactors and vitamins	
0.210705630835441	Uncharacterized molecules	
0.204456267975961	Uncharacterized molecules	
0.198325000411255	Lipids	
0.196909699724824	Uncharacterized molecules	
0.195448357473453	Lipids	
0.187589706185242	Cofactors and vitamins	
0.18713524565171	Uncharacterized molecules	
0.186793076093594	Xenobiotics	
0.186282008658028	Uncharacterized molecules	
0.186173156851525	Amino acids	
0.184700690267646	Cofactors and vitamins	
0.18324866649638	Lipids	
0.179771992788976	Xenobiotics	
0.179065169881404	Lipids	
0.178808148315187	Xenobiotics	
0.177899410348714	Amino acids	
0.172898188459224	Uncharacterized molecules	
0.172566246292641	Xenobiotics	
0.172158998920533	Xenobiotics	
0.167281455938766	Lipids	
0.164324075479725	Uncharacterized molecules	
0.163078119644442	Xenobiotics	
0.162037080421972	Uncharacterized molecules	
0.161638143886865	Uncharacterized molecules	
0.16102182240961	Xenobiotics	
0.159644784586011	Lipids	
0.158197523876737	Xenobiotics	
0.154650311494979	Uncharacterized molecules	
0.152496868414139	Uncharacterized molecules	
0.15000328151732	Xenobiotics	
0.148856892369493	Lipids	
0.147476626705825	Amino acids	
0.147445765804049	Uncharacterized molecules	
0.147300990713627	Amino acids	
0.146600759118884	Lipids	
0.146333458942227	Uncharacterized molecules	
0.146132898675742	Uncharacterized molecules	
0.144922242888846	Peptides	
0.144006702272798	Lipids	
0.143591806471669	Xenobiotics	
0.141697667293989	Xenobiotics	
0.140263343592555	Lipids	
0.13565927586744	Uncharacterized molecules	
0.134737318424031	Amino acids	
0.134150452468311	Xenobiotics	
0.133958794009408	Uncharacterized molecules	
0.133889119257314	Lipids	
0.132860162935499	Xenobiotics	
0.132299803180089	Lipids	
0.131238564463318	Uncharacterized molecules	
0.130932142363391	Uncharacterized molecules	
0.130890210071447	Part. characterized molecules	metabolonic lactone sulfate
0.129734341780997	Lipids	
0.128523125177973	Lipids	
0.128494877894085	Xenobiotics	
0.127091642583979	Amino acids	
0.126257400538316	Uncharacterized molecules	
0.124343632768586	Lipids	
0.124028688970444	Lipids	
0.123489386813507	Lipids	
0.122171034297367	Xenobiotics	
0.12120717050603	Lipids	
0.120948457138852	Cofactors and vitamins	
0.119194416720165	Carbohydrates	1,5-anhydroglucitol (1,5-AG)
0.116907822121834	Lipids	
0.115089921946026	Lipids	
0.112136731300182	Xenobiotics	
0.111883333073108	Uncharacterized molecules	
0.111835906698138	Uncharacterized molecules	
0.111205084791632	Lipids	
0.108646002289879	Xenobiotics	
0.108494267354709	Lipids	
0.108395598212511	Carbohydrates	
0.107552004361652	Peptides	
0.10733680185742	Uncharacterized molecules	
0.106791023531262	Lipids	
0.106666228347889	Xenobiotics	
0.106492757112036	Amino acids	
0.10641313576701	Uncharacterized molecules	
0.105391434754628	Uncharacterized molecules	
0.105314953446347	Lipids	
0.105147311412857	Xenobiotics	
0.104693698834345	Cofactors and vitamins	
0.104196327119617	Uncharacterized molecules	
0.103816820777007	Lipids	
0.103703476447291	Amino acids	
0.103564246678849	Amino acids	
0.103300831410344	Lipids	
0.103205132143912	Xenobiotics	
0.10305594569882	Xenobiotics	
0.102488342512552	Lipids	
0.102432775528023	Xenobiotics	
0.100621301983301	Xenobiotics	
0.100447433667631	Amino acids	
0.100344026889097	Uncharacterized molecules	
0.100116861181863	Amino acids	
0.0986731372204128	Xenobiotics	
0.0985342579561589	Xenobiotics	
0.0978339148623739	Uncharacterized molecules	
0.0975011935577501	Lipids	
0.0970372617631375	Lipids	
0.0969311647206564	Xenobiotics	
0.0967788220355384	Amino acids	
0.0964080108346499	Xenobiotics	
0.0958655774911933	Lipids	
0.0954739899492483	Amino acids	
0.095396051135619	Amino acids	
0.0952515982046967	Uncharacterized molecules	
0.094649904884509	Uncharacterized molecules	
0.0940538118674687	Xenobiotics	
0.0930584226531955	Amino acids	
0.093008870558406	Lipids	
0.0928469307353747	Cofactors and vitamins	
0.0927497336615273	Xenobiotics	
0.0917805837692453	Uncharacterized molecules	
0.091716518714273	Part. characterized molecules	
0.091694493924453	Lipids	
0.0912599837350979	Amino acids	
0.0908874528798655	Amino acids	
0.0907866925720671	Xenobiotics	
0.0901326933916527	Xenobiotics	
0.0897046546356445	Cofactors and vitamins	
0.0896473188214092	Uncharacterized molecules	
0.0894360553681796	Amino acids	
0.0887871933054775	Xenobiotics	
0.0886128855056979	Xenobiotics	
0.0884350641204769	Lipids	
0.0884095338482164	Uncharacterized molecules	
0.0879932220579469	Xenobiotics	
0.0875974392126577	Lipids	
0.0874214701858952	Uncharacterized molecules	
0.0872440846512768	Amino acids	
0.0870597789135513	Lipids	
0.0866128130965081	Lipids	
0.0864258059026851	Amino acids	
0.0856022814228904	Peptides	
0.0853053614222236	Xenobiotics	
0.0838149285693458	Xenobiotics	
0.0837116648606011	Amino acids	
0.0835198970769622	Amino acids	
0.0832533922631305	Xenobiotics	
0.0829984368410093	Energy	citraconate/glutaconate
0.0826415075384217	Uncharacterized molecules	
0.0824779948865087	Uncharacterized molecules	
0.0824362590767181	Xenobiotics	
0.0823248720518491	Amino acids	
0.0822551240501157	Lipids	
0.0820319732085057	Uncharacterized molecules	
0.0820286695104059	Lipids	
0.0820173019908532	Xenobiotics	
0.0814369849524119	Amino acids	
0.0811937241095542	Uncharacterized molecules	
0.0811322975321826	Uncharacterized molecules	
0.0806554267026311	Xenobiotics	
0.0805594319524736	Lipids	
0.0802501045377735	Lipids	
0.0801665989179002	Lipids	
0.0794448127510009	Lipids	
0.079364770315299	Uncharacterized molecules	
0.0790194597238939	Xenobiotics	
0.0790145597845993	Uncharacterized molecules	
0.0789059839469302	Lipids	
0.0788085399143928	Uncharacterized molecules	
0.0787111595919038	Lipids	
0.0776820109494279	Part. characterized molecules	
0.0774227199439429	Lipids	
0.077349575786505	Xenobiotics	
0.07734032474632	Nucleotides	urate
0.077138084540202	Amino acids	
0.0769239887421918	Lipids	
0.0766070353802333	Uncharacterized molecules	
0.0762595227468315	Uncharacterized molecules	
0.0761608957140269	Lipids	
0.075202810407879	Uncharacterized molecules	
0.0749113962158262	Uncharacterized molecules	
0.0746955441083716	Lipids	
0.0744647444679225	Amino acids	
0.0743945050401434	Amino acids	
0.0743326923990813	Lipids	
0.0743232132629082	Lipids	
0.0740355094221332	Amino acids	
0.0737831117277218	Lipids	
0.0729909740959343	Uncharacterized molecules	
0.07291455689259	Lipids	
0.0726324705349919	Uncharacterized molecules	
0.0726324197541425	Lipids	
0.0725970799895891	Lipids	
0.0725188520967628	Amino acids	
0.0724877537509825	Uncharacterized molecules	
0.0720805123000221	Xenobiotics	
0.0720033579104427	Lipids	
0.0719341105475717	Uncharacterized molecules	
0.071849746273991	Lipids	
0.071261661810571	Peptides	
0.0712257013454029	Lipids	
0.071148766166833	Xenobiotics	
0.0709051493218473	Lipids	
0.0706892659032538	Amino acids	
0.0706216842168785	Uncharacterized molecules	
0.0706012537412415	Amino acids	
0.0705916854156388	Lipids	
0.0705024548951502	Peptides	
0.0703877373874177	Uncharacterized molecules	
0.0703075108040886	Lipids	
0.0700629877705956	Nucleotides	
0.0697865712198454	Xenobiotics	
0.0697521344127161	Uncharacterized molecules	
0.0695071550733176	Lipids	
0.0694912686212939	Xenobiotics	
0.0689909937231089	Amino acids	
0.0689853431583969	Xenobiotics	
0.0684362822491887	Lipids	
0.0684005705382964	Lipids	
0.0682153168971663	Lipids	
0.0681854088616772	Amino acids	
0.0680632961857646	Amino acids	
0.0679871700963254	Lipids	
0.0676870200490571	Xenobiotics	
0.067331584697858	Lipids	
0.0672041937588306	Lipids	
0.0668394111437342	Uncharacterized molecules	
0.0667695500789595	Amino acids	
0.0663926151517916	Lipids	
0.0662708901773252	Amino acids	
0.0662260304143241	Uncharacterized molecules	
0.0661271356612728	Xenobiotics	
0.0659022601012421	Uncharacterized molecules	
0.0658397951870084	Xenobiotics	
0.0657314777691432	Cofactors and vitamins	
0.0656969415786626	Xenobiotics	
0.065654713666251	Xenobiotics	
0.0656505484680629	Xenobiotics	
0.0656154204545953	Amino acids	
0.0655342233192226	Lipids	
0.0653401827900937	Lipids	
0.0651700883241514	Xenobiotics	
0.0651479624714647	Xenobiotics	
0.0650309853105781	Lipids	
0.0648960886550777	Lipids	
0.06485904154498	Lipids	
0.0648430111134186	Uncharacterized molecules	
0.0647771222486621	Xenobiotics	
0.064668255408066	Uncharacterized molecules	
0.0645914412144051	Lipids	
0.0644581554427083	Xenobiotics	
0.0642953093143116	Amino acids	
0.0642444524992161	Lipids	
0.0639951882738335	Uncharacterized molecules	
0.0639336721419504	Uncharacterized molecules	
0.0638507270568431	Lipids	
0.0637246190125789	Lipids	
0.0635032160416165	Xenobiotics	
0.0633123506816095	Uncharacterized molecules	
0.0630799919369572	Uncharacterized molecules	
0.0629236672857866	Xenobiotics	
0.0628684202581421	Xenobiotics	
0.0628011638181748	Xenobiotics	
0.0626469754207864	Lipids	
0.062637196459844	Uncharacterized molecules	
0.0625742785505231	Amino acids	
0.0624764144093655	Lipids	
0.0620065298702344	Lipids	
0.06188160532042	Lipids	
0.0617643748565846	Amino acids	
0.0617045056522363	Xenobiotics	
0.061588244740002	Amino acids	
0.0606976010200732	Lipids	
0.0606468196581959	Lipids	
0.0602953995299678	Peptides	
0.0602611414478265	Lipids	
0.0601462246649877	Amino acids	
0.0601342489412673	Lipids	
0.0600654600969697	Xenobiotics	
0.0597247260484443	Lipids	
0.0594285814859703	Amino acids	
0.0589977436290005	Xenobiotics	
0.0589959636330294	Lipids	
0.0585905070998599	Lipids	
0.0584534244432335	Amino acids	
0.0583000420808277	Xenobiotics	
0.0582811134177355	Lipids	
0.0582456007747732	Lipids	
0.0580318506189878	Lipids	
0.0577362061175302	Lipids	
0.0576375594255313	Amino acids	
0.0576029281308375	Lipids	
0.0574062688378098	Xenobiotics	
0.0569551288238579	Xenobiotics	
0.0569088322775463	Lipids	
0.056753202073853	Peptides	
0.0566180917300872	Amino acids	
0.0565243580582438	Lipids	
0.0565069804106027	Uncharacterized molecules	
0.0565034548073062	Carbohydrates	
0.0564797106061526	Amino acids	
0.0562765606316354	Lipids	
0.0562643213376469	Uncharacterized molecules	
0.0562373818678881	Lipids	
0.0561333992989241	Lipids	
0.0559953013698765	Xenobiotics	
0.0559510718332412	Lipids	
0.0559293301421795	Peptides	
0.0558768408994605	Uncharacterized molecules	
0.0558487421720908	Lipids	
0.0558318906563091	Uncharacterized molecules	
0.0557059714713874	Amino acids	
0.0556515061763609	Xenobiotics	
0.0555853864212075	Lipids	
0.055502666774613	Amino acids	
0.0553465151288026	Lipids	
0.0547779536056196	Uncharacterized molecules	
0.0544811696957224	Lipids	
0.0544740574956092	Lipids	
0.0542988745401713	Carbohydrates	
0.0542140899108891	Xenobiotics	
0.0541175407901422	Lipids	
0.0540116488688612	Uncharacterized molecules	
0.0535979463868988	Lipids	
0.0535667576816572	Lipids	
0.0534652063909748	Xenobiotics	
0.0534338465593129	Uncharacterized molecules	
0.053393131834569	Lipids	
0.0533795516513712	Lipids	
0.053340341877866	Cofactors and vitamins	
0.0530579256937056	Xenobiotics	
0.0530359848159494	Uncharacterized molecules	
0.0530202046582691	Lipids	
0.0529334079642531	Uncharacterized molecules	
0.0527184577285791	Lipids	
0.0526924626753422	Xenobiotics	
0.0525822485046961	Lipids	
0.0525049716633987	Carbohydrates	
0.0524273035592655	Lipids	
0.0523974718193558	Uncharacterized molecules	
0.0520393795935715	Uncharacterized molecules	
0.0517650810442429	Amino acids	
0.051599431644288	Uncharacterized molecules	
0.0515393787016965	Xenobiotics	
0.0514913889593685	Lipids	
0.0514289818746765	Lipids	
0.0514215640754778	Uncharacterized molecules	
0.0510687655169611	Carbohydrates	
0.0510446170221279	Lipids	
0.0505523515056387	Uncharacterized molecules	
0.0504167739870178	Lipids	
0.0503594996684992	Lipids	
0.0502009156870177	Amino acids	
0.0501102788907717	Uncharacterized molecules	
0.0498309222268647	Uncharacterized molecules	
0.0498262150552218	Lipids	
0.0496212010655155	Lipids	
0.0495863871106364	Amino acids	
0.0495507273862236	Uncharacterized molecules	
0.0493524399238657	Amino acids	
0.04930329015496	Xenobiotics	
0.0492888901184751	Lipids	
0.0490925080536112	Lipids	
0.048645115817769	Xenobiotics	
0.0485547795656416	Xenobiotics	
0.0485323829308773	Lipids	
0.0483041351976267	Lipids	
0.0483028600691383	Amino acids	
0.0482510056122686	Lipids	
0.048194500959018	Nucleotides	
0.0481688434634236	Lipids	
0.048096739408676	Uncharacterized molecules	
0.0480592562083311	Lipids	
0.0477618393916152	Energy	
0.047467043558642	Xenobiotics	
0.0474040214906638	Uncharacterized molecules	
0.0473424953993048	Lipids	
0.0471923818508993	Amino acids	
0.0469291271669338	Xenobiotics	
0.0467765564381173	Amino acids	
0.046750957860687	Lipids	
0.0467330512486491	Amino acids	
0.0465734730104068	Uncharacterized molecules	
0.0465124792435041	Lipids	
0.0464347471081354	Xenobiotics	
0.0464083998622574	Uncharacterized molecules	
0.0463329079917083	Uncharacterized molecules	
0.0463146178776525	Amino acids	
0.0462920878000701	Uncharacterized molecules	
0.0461797388384527	Lipids	
0.0461303905375286	Lipids	
0.0459495374474064	Amino acids	
0.0459350240885299	Lipids	
0.0455751626591726	Cofactors and vitamins	
0.0455574083935891	Uncharacterized molecules	
0.0455320334148813	Amino acids	
0.0455257929592284	Nucleotides	
0.0454763296258429	Amino acids	
0.0454118132159102	Xenobiotics	
0.0453686585506066	Xenobiotics	
0.0453247143717918	Cofactors and vitamins	
0.0451141130018036	Cofactors and vitamins	
0.0450886404561259	Lipids	
0.0450795757454135	Lipids	
0.0449112765750336	Amino acids	
0.0447959224697492	Uncharacterized molecules	
0.0447221928078577	Lipids	
0.0445751702404228	Uncharacterized molecules	
0.0445748590352004	Lipids	
0.0442805625590891	Amino acids	
0.0442346483633391	Lipids	
0.0441963078995912	Part. characterized molecules	
0.0441313930477225	Amino acids	
0.0440869329144772	Xenobiotics	
0.0440702212387588	Lipids	
0.0438058002790219	Xenobiotics	
0.0435345719264934	Amino acids	
0.0435186158125208	Lipids	
0.0433238334697496	Uncharacterized molecules	
0.0432773966035399	Amino acids	
0.0429642133421116	Uncharacterized molecules	
0.042845344472926	Xenobiotics	
0.0428278787798544	Amino acids	
0.0427837671137633	Amino acids	
0.0427690643798172	Uncharacterized molecules	
0.0427633889929883	Amino acids	
0.0427200898903904	Uncharacterized molecules	
0.0427038256618824	Lipids	
0.0426758217117598	Lipids	
0.0425219113333032	Amino acids	
0.0424305752127801	Amino acids	
0.0424269974329408	Uncharacterized molecules	
0.0423048031093701	Amino acids	
0.0422499469157598	Lipids	
0.0421924071193643	Lipids	
0.0420918729686919	Carbohydrates	
0.0420821785207324	Lipids	
0.041938380797962	Amino acids	
0.04179388392606	Xenobiotics	
0.0417463688543467	Uncharacterized molecules	
0.04170651710411	Lipids	
0.0416427384857538	Amino acids	
0.0414539677014256	Amino acids	
0.0414531566667281	Xenobiotics	
0.0412746514605122	Lipids	
0.041254066022632	Lipids	
0.0412214385400184	Xenobiotics	
0.0411767031808608	Lipids	
0.0411623610418148	Xenobiotics	
0.0410375525970602	Amino acids	
0.0409803374315547	Lipids	
0.040857412066823	Uncharacterized molecules	
0.0408468833513996	Amino acids	
0.0407444466512429	Amino acids	
0.0400847572841852	Amino acids	
0.0399013391394182	Amino acids	
0.0397461215727859	Uncharacterized molecules	
0.0396833503955768	Energy	
0.0395117903333862	Amino acids	
0.0393369307243784	Uncharacterized molecules	
0.0393306618516786	Lipids	
0.0392170027373068	Lipids	
0.0390409276601391	Lipids	
0.038884657989646	Uncharacterized molecules	
0.0388485760973765	Lipids	
0.0388421156944602	Amino acids	
0.0387859780075142	Lipids	
0.0386821854366905	Lipids	
0.0386327123674663	Lipids	
0.0385551162718551	Lipids	
0.0384992533795028	Uncharacterized molecules	
0.0384929499997499	Lipids	
0.0384281654688364	Uncharacterized molecules	
0.0383252472971188	Lipids	
0.038136610282661	Uncharacterized molecules	
0.0378625536182376	Uncharacterized molecules	
0.0378498977076142	Lipids	
0.0378180762036201	Lipids	
0.0377200367194439	Uncharacterized molecules	
0.0377013325009009	Lipids	
0.0376967546096239	Amino acids	
0.037607814228735	Lipids	
0.0375649061813274	Energy	
0.0374607723736336	Lipids	
0.0374596051278248	Lipids	
0.0374307015309027	Amino acids	
0.0373657526039749	Lipids	
0.0373163693917316	Uncharacterized molecules	
0.0372139269179698	Energy	
0.0371754127301209	Uncharacterized molecules	
0.0371401764629024	Lipids	
0.0370325372316887	Uncharacterized molecules	
0.0369177494904825	Amino acids	
0.0368642121105511	Amino acids	
0.0368165811643651	Amino acids	
0.0368165080138605	Lipids	
0.0367388255437511	Part. characterized molecules	
0.0367158724336803	Lipids	
0.0366247022795268	Cofactors and vitamins	
0.036513846683648	Lipids	
0.0364779838696572	Lipids	
0.0364542464993396	Lipids	
0.0362922997176924	Amino acids	
0.0362212494738352	Nucleotides	
0.0361118204883346	Lipids	
0.0360567006662004	Lipids	
0.0359712115341936	Amino acids	
0.0358423122108902	Uncharacterized molecules	
0.0358242467543278	Lipids	
0.0357091115853604	Xenobiotics	
0.0354845039147893	Uncharacterized molecules	
0.035445186764238	Lipids	
0.03531637796236	Xenobiotics	
0.035245422508073	Uncharacterized molecules	
0.0351829478819014	Lipids	
0.0350291483066146	Part. characterized molecules	
0.0348523516674406	Lipids	
0.0347448781758136	Uncharacterized molecules	
0.0346622253152376	Lipids	
0.0346516909563782	Lipids	
0.0346510639205854	Xenobiotics	
0.0344075106192052	Lipids	
0.034400783328511	Uncharacterized molecules	
0.0343468266761287	Lipids	
0.0342532593151503	Lipids	
0.034251297267029	Lipids	
0.0341938279662602	Lipids	
0.0341761079406996	Lipids	
0.0341597849524345	Amino acids	
0.0341481688872455	Uncharacterized molecules	
0.034122867864477	Uncharacterized molecules	
0.0340760927692457	Lipids	
0.0340693761892708	Lipids	
0.0340581218234527	Uncharacterized molecules	
0.0340183123786926	Uncharacterized molecules	
0.0337199064997427	Cofactors and vitamins	
0.0336235115411282	Lipids	
0.0335973076355598	Amino acids	
0.0335572967126518	Xenobiotics	
0.0335371703378305	Uncharacterized molecules	
0.0335343501275373	Lipids	
0.0334579659520141	Uncharacterized molecules	
0.0333746580694273	Carbohydrates	
0.0333109655725917	Xenobiotics	
0.0332299327901586	Lipids	
0.0328602400932005	Uncharacterized molecules	
0.0328453986541701	Lipids	
0.0328388638246403	Lipids	
0.0327131489446328	Amino acids	
0.0324543830328102	Peptides	
0.0322752900369962	Amino acids	
0.0321471342532218	Uncharacterized molecules	
0.0321157433166106	Amino acids	
0.0320349669958898	Xenobiotics	
0.0319655381676253	Peptides	
0.0319334534987216	Lipids	
0.0319192706748028	Lipids	
0.0318952903437865	Uncharacterized molecules	
0.0315963128573402	Uncharacterized molecules	
0.0314259038134093	Amino acids	
0.0311666423154184	Lipids	
0.0311561780412736	Uncharacterized molecules	
0.0311307204701782	Lipids	
0.0311204930168724	Lipids	
0.0311086101828825	Lipids	
0.0310924673915786	Lipids	
0.0310876369148625	Lipids	
0.0310727386960699	Lipids	
0.0309830166933071	Lipids	
0.0309198803147466	Nucleotides	
0.0306345561700672	Xenobiotics	
0.0304538488353097	Amino acids	
0.0303405034072212	Amino acids	
0.0303013769963849	Uncharacterized molecules	
0.0302897229452629	Xenobiotics	
0.03021003265312	Lipids	
0.0301497529837714	Lipids	
0.0301330011783684	Lipids	
0.0300260897998183	Amino acids	
0.0299025359569804	Lipids	
0.0298773810244444	Lipids	
0.0297383443525662	Xenobiotics	
0.0297253244185471	Lipids	
0.0296506432804411	Lipids	
0.0296260509284843	Lipids	
0.0295481323491272	Uncharacterized molecules	
0.0295374041766747	Peptides	
0.0293750063721344	Part. characterized molecules	
0.0293609085418816	Lipids	
0.0293458857050109	Lipids	
0.0292861951699967	Lipids	
0.02925467274781	Xenobiotics	
0.0291617702376228	Uncharacterized molecules	
0.028818293835297	Xenobiotics	
0.0287697926814211	Amino acids	
0.0287328821481471	Amino acids	
0.0285902463280759	Amino acids	
0.0285770009550002	Uncharacterized molecules	
0.0285765458690387	Energy	
0.0285414482475485	Cofactors and vitamins	
0.0285178703012391	Uncharacterized molecules	
0.0284748066108551	Nucleotides	
0.028447157235236	Amino acids	
0.0283773152321021	Nucleotides	
0.0281994449208381	Amino acids	
0.0281344289437566	Amino acids	
0.0281272647891645	Amino acids	
0.0281077708099041	Carbohydrates	
0.0280946344707258	Amino acids	
0.028063410897377	Lipids	
0.0280524221940481	Uncharacterized molecules	
0.028009593545429	Lipids	
0.0279904765824094	Lipids	
0.027882885893345	Lipids	
0.0278234972981748	Lipids	
0.0276904706239297	Amino acids	
0.0276641630661376	Uncharacterized molecules	
0.0276603990246982	Amino acids	
0.0275441595199015	Amino acids	
0.0274926350724518	Amino acids	
0.0274790006046931	Uncharacterized molecules	
0.0274694287776245	Amino acids	
0.0274256461605202	Uncharacterized molecules	
0.0273329268518681	Xenobiotics	
0.027293948516387	Lipids	
0.0272834381344886	Uncharacterized molecules	
0.0271446224833637	Uncharacterized molecules	
0.0271417496028683	Lipids	
0.0271182224171878	Lipids	
0.0270467797010745	Lipids	
0.0269247411157948	Xenobiotics	
0.0268056061398972	Lipids	
0.0267702208824264	Amino acids	
0.0267428634770219	Amino acids	
0.026720857441471	Lipids	
0.0266363034804892	Uncharacterized molecules	
0.0265472510135098	Amino acids	
0.0265410736549535	Peptides	
0.0264929519416308	Part. characterized molecules	
0.0264752389536886	Amino acids	
0.0264029190706004	Lipids	
0.0263696821217437	Uncharacterized molecules	
0.0263674896547048	Lipids	
0.0261728165269799	Amino acids	
0.0261290632432236	Xenobiotics	
0.026012383875713	Amino acids	
0.025996798945151	Amino acids	
0.0259181646623492	Lipids	
0.0258388891494314	Lipids	
0.0258255771415067	Lipids	
0.0257632641654399	Amino acids	
0.0257310022998549	Lipids	
0.0256649853637169	Amino acids	
0.0255781562358466	Xenobiotics	
0.0254742297730822	Lipids	
0.0254349249578557	Uncharacterized molecules	
0.0253916487309924	Uncharacterized molecules	
0.0252136620772456	Lipids	
0.0252001484261366	Uncharacterized molecules	
0.025145321477374	Xenobiotics	
0.0249951467975972	Uncharacterized molecules	
0.0249638909063284	Carbohydrates	
0.0249042071598943	Lipids	
0.0248961361647029	Cofactors and vitamins	
0.0247516018055958	Lipids	
0.0247324768649599	Nucleotides	
0.0246331502792873	Lipids	
0.0246188466095483	Uncharacterized molecules	
0.0245895049414904	Uncharacterized molecules	
0.0245811596531528	Xenobiotics	
0.0244201678348847	Lipids	
0.0243283045587957	Xenobiotics	
0.0242887796692476	Amino acids	
0.0241956950468061	Lipids	
0.0241185129704404	Amino acids	
0.0241158938473261	Lipids	
0.0240467180402317	Amino acids	
0.0239589851688327	Lipids	
0.0239075647363851	Lipids	
0.0238673711855107	Lipids	
0.0238154156497692	Lipids	
0.0237246615153513	Lipids	
0.0237132997314778	Lipids	
0.0236992408950838	Peptides	
0.0236228474188916	Energy	
0.0235537200854684	Lipids	
0.0234380132896101	Xenobiotics	
0.0234254138309704	Nucleotides	
0.0233901554876392	Cofactors and vitamins	
0.0233322119948887	Lipids	
0.0233115904678134	Uncharacterized molecules	
0.0232679190484611	Uncharacterized molecules	
0.0232492336489988	Uncharacterized molecules	
0.0232151741349534	Uncharacterized molecules	
0.023171710424531	Lipids	
0.0230372387161232	Lipids	
0.0230359892243114	Amino acids	
0.0230223596023397	Lipids	
0.0229913454862815	Amino acids	
0.0228013774803956	Lipids	
0.022752319343716	Uncharacterized molecules	
0.0227495174462194	Xenobiotics	
0.0227342355337213	Amino acids	
0.0226398703282032	Amino acids	
0.0225525998615039	Part. characterized molecules	
0.0225421992502712	Amino acids	
0.022467673257996	Uncharacterized molecules	
0.0223106976541488	Amino acids	
0.0222233870981917	Amino acids	
0.0221861553388186	Amino acids	
0.0221112365791181	Uncharacterized molecules	
0.0220793926770379	Cofactors and vitamins	
0.0220221231911872	Amino acids	
0.0220008075733507	Part. characterized molecules	
0.0219681362098363	Lipids	
0.0219469750643155	Lipids	
0.0218904741875821	Xenobiotics	
0.021853124479575	Amino acids	
0.0218396742882912	Uncharacterized molecules	
0.0218322117007867	Amino acids	
0.0218211831729104	Lipids	
0.0216497120414995	Xenobiotics	
0.0216224309088317	Amino acids	
0.0215920198967988	Lipids	
0.0215346559829459	Amino acids	
0.0214447306819516	Nucleotides	
0.0213583088397853	Xenobiotics	
0.0213570356610119	Amino acids	
0.02129236850824	Amino acids	
0.0212536716781887	Lipids	
0.0212126739627357	Lipids	
0.0211534144912333	Xenobiotics	
0.0210648540461417	Lipids	
0.0210612432395547	Lipids	
0.021018105540218	Cofactors and vitamins	
0.0209948534454435	Lipids	
0.0209331468687852	Lipids	
0.020897431690353	Lipids	
0.0208704209296607	Lipids	
0.0206845538524369	Carbohydrates	
0.0206812742891894	Lipids	
0.0206771571223045	Lipids	
0.0206705118172489	Lipids	
0.0206084361296815	Uncharacterized molecules	
0.0204982795321463	Lipids	
0.0204852660810826	Amino acids	
0.0204715777071165	Xenobiotics	
0.0203610275551661	Uncharacterized molecules	
0.020352664207707	Amino acids	
0.0203159104059199	Amino acids	
0.0202990053709415	Lipids	
0.0202581011135699	Carbohydrates	
0.0202220820343349	Uncharacterized molecules	
0.0201564310563401	Lipids	
0.0201396029339421	Lipids	
0.0200795493768069	Lipids	
0.0200745748531204	Uncharacterized molecules	
0.0200528058019938	Part. characterized molecules	
0.0200409475173688	Carbohydrates	
0.0199291600831941	Xenobiotics	
0.019923727718775	Cofactors and vitamins	
0.0198760337424866	Amino acids	
0.0198542128502791	Amino acids	
0.0198063141892281	Amino acids	
0.0197606697534115	Amino acids	
0.0197084923423558	Amino acids	
0.019619802364552	Lipids	
0.0195943251474871	Uncharacterized molecules	
0.0195673644889257	Amino acids	
0.0195464918751554	Lipids	
0.0195191583711157	Amino acids	
0.0194992801673445	Amino acids	
0.0194815273913854	Lipids	
0.0194433174713199	Uncharacterized molecules	
0.0193370936332113	Lipids	
0.0193335314047619	Amino acids	
0.0191988617081302	Xenobiotics	
0.0191620861294125	Lipids	
0.0191530806620068	Lipids	
0.0190350774210069	Uncharacterized molecules	
0.0189480271932577	Lipids	
0.0189430035498211	Lipids	
0.0189001220627702	Uncharacterized molecules	
0.0188587067171139	Xenobiotics	
0.0188521919060663	Lipids	
0.0188042274925918	Uncharacterized molecules	
0.0187250511496975	Xenobiotics	
0.0186968222438951	Xenobiotics	
0.0186515794478424	Xenobiotics	
0.0186176377943382	Lipids	
0.0185645891461189	Peptides	
0.0184804714488379	Amino acids	
0.0184584271842565	Amino acids	
0.0184459645163541	Peptides	
0.0183797870060924	Amino acids	
0.0183472035753639	Cofactors and vitamins	
0.0183215563809513	Amino acids	
0.0183138339549222	Lipids	
0.0183108281340375	Uncharacterized molecules	
0.0182861558758901	Lipids	
0.0182461648244985	Lipids	
0.0182384739856391	Amino acids	
0.0181908730740985	Uncharacterized molecules	
0.0181397254334149	Amino acids	
0.018139700082161	Xenobiotics	
0.0180406542020629	Lipids	
0.0179778085350058	Amino acids	
0.0179770793526259	Uncharacterized molecules	
0.0178562182996819	Lipids	
0.0177764900556316	Lipids	
0.0177079804547249	Uncharacterized molecules	
0.0177043517070462	Lipids	
0.0176595848505889	Carbohydrates	
0.0176198639001404	Uncharacterized molecules	
0.0176198229724975	Lipids	
0.0176050773821823	Lipids	
0.0175890870144248	Lipids	
0.0175852727882798	Nucleotides	
0.0175410660509064	Lipids	
0.0175186416479326	Uncharacterized molecules	
0.0174615805682395	Uncharacterized molecules	
0.0174445638217385	Uncharacterized molecules	
0.0173166789347149	Xenobiotics	
0.017314728050126	Lipids	
0.0173015597924121	Uncharacterized molecules	
0.0172402584019539	Uncharacterized molecules	
0.0171761403458194	Xenobiotics	
0.0171707666374229	Xenobiotics	
0.0171482015022855	Uncharacterized molecules	
0.0171395914119005	Uncharacterized molecules	
0.0170683380850629	Lipids	
0.0170660936792553	Lipids	
0.017053196385636	Uncharacterized molecules	
0.0170376967600166	Amino acids	
0.0169813539203297	Lipids	
0.0169462822378419	Uncharacterized molecules	
0.0169015382451539	Lipids	
0.0168555451186572	Lipids	
0.0167850341155246	Lipids	
0.0167003314342612	Cofactors and vitamins	
0.016675062674212	Lipids	
0.0166628036332299	Lipids	
0.0166476051466959	Amino acids	
0.0166040168622929	Uncharacterized molecules	
0.0165874830573683	Uncharacterized molecules	
0.0165157799296799	Lipids	
0.0163795811506236	Lipids	
0.0162727773864457	Lipids	
0.0162721871355279	Lipids	
0.0162678360702813	Lipids	
0.0161833433873541	Nucleotides	
0.0161582293822982	Nucleotides	
0.0161354201395408	Uncharacterized molecules	
0.0161278065712275	Lipids	
0.0160977527268277	Uncharacterized molecules	
0.0160928685276892	Amino acids	
0.016088962676306	Nucleotides	
0.0160646783404744	Lipids	
0.016037974785714	Part. characterized molecules	
0.0160358180395634	Lipids	
0.0160300108108236	Uncharacterized molecules	
0.0160186042070717	Nucleotides	
0.0159808637927504	Lipids	
0.0158787954524486	Xenobiotics	
0.0158464692282934	Lipids	
0.0158262899393199	Xenobiotics	
0.0157968239219524	Cofactors and vitamins	
0.015771232867476	Uncharacterized molecules	
0.01573223385436	Lipids	
0.0157187301614543	Lipids	
0.015620072570951	Lipids	
0.0155279092896002	Lipids	
0.0154388160304931	Lipids	
0.0153663598587207	Lipids	
0.0152513038607941	Peptides	
0.0152339489817005	Lipids	
0.0152020469926781	Lipids	
0.0151773052793476	Lipids	
0.0151547585716085	Xenobiotics	
0.015149854094224	Amino acids	
0.0151069208664407	Lipids	
0.0150901803630588	Lipids	
0.0150601030908031	Carbohydrates	
0.015057602919893	Amino acids	
0.0150536797735908	Lipids	
0.0150353677057133	Lipids	
0.0149627173740254	Xenobiotics	
0.014824319243207	Lipids	
0.0148199403863159	Lipids	
0.0147813510919887	Uncharacterized molecules	
0.0147603699484981	Nucleotides	
0.014621456348713	Uncharacterized molecules	
0.0145046365078724	Xenobiotics	
0.0144882128696477	Uncharacterized molecules	
0.0144056192744014	Lipids	
0.0143091687846729	Uncharacterized molecules	
0.0143006308228085	Uncharacterized molecules	
0.0142895751658875	Lipids	
0.0142671656098127	Lipids	
0.014255724960814	Uncharacterized molecules	
0.0142522159572081	Amino acids	
0.0142381223379181	Uncharacterized molecules	
0.014191211231581	Part. characterized molecules	
0.0141294648924599	Cofactors and vitamins	
0.0140942107901723	Amino acids	
0.0140898218674161	Uncharacterized molecules	
0.0140846135120061	Lipids	
0.0140782447403968	Uncharacterized molecules	
0.0140713709203608	Xenobiotics	
0.0140144619111207	Lipids	
0.01399981421113	Energy	
0.0139630368786964	Lipids	
0.013953047729796	Lipids	
0.0138858694508799	Nucleotides	
0.0138463460733563	Amino acids	
0.0138290980625561	Lipids	
0.0138182719028092	Nucleotides	
0.013818194140314	Lipids	
0.0137310151207144	Lipids	
0.0136032962160175	Amino acids	
0.0135431154367106	Lipids	
0.0135182964775632	Amino acids	
0.0135173336810684	Lipids	
0.0135147078599911	Xenobiotics	
0.0134946651252925	Amino acids	
0.0134875792718362	Lipids	
0.013478746367772	Lipids	
0.0134646593271821	Peptides	
0.0134570817995677	Lipids	
0.0134439070240599	Lipids	
0.0131864938520514	Amino acids	
0.0131511928106353	Lipids	
0.0131225641533755	Lipids	
0.0131172707288003	Lipids	
0.013025347060834	Lipids	
0.0130212435355279	Amino acids	
0.0129850166623769	Lipids	
0.0129651489706132	Lipids	
0.0128543664282558	Peptides	
0.0127707053694718	Nucleotides	
0.0127187636372295	Xenobiotics	
0.0127109202139356	Lipids	
0.0126494104002211	Lipids	
0.0126447401632877	Amino acids	
0.0126407564757992	Uncharacterized molecules	
0.0125632052319376	Part. characterized molecules	
0.0124956918885573	Carbohydrates	
0.0124451329768775	Lipids	
0.0122878534909536	Lipids	
0.0122693803711769	Lipids	
0.0122599294361148	Lipids	
0.0122489719737224	Lipids	
0.0122249060872957	Lipids	
0.0122167803374113	Lipids	
0.012202421752714	Lipids	
0.0122020609911396	Amino acids	
0.0121808370267485	Uncharacterized molecules	
0.0120774456980304	Uncharacterized molecules	
0.0120344458829485	Uncharacterized molecules	
0.0120331278557199	Uncharacterized molecules	
0.0120131030976516	Part. characterized molecules	
0.0119773474320962	Nucleotides	
0.0119483195504414	Uncharacterized molecules	
0.0119094785803297	Uncharacterized molecules	
0.0118295631617363	Amino acids	
0.0118257643002798	Xenobiotics	
0.0117672656251725	Lipids	
0.0117573244217058	Lipids	
0.011752079029119	Uncharacterized molecules	
0.0117430118107527	Part. characterized molecules	
0.0117134347596886	Lipids	
0.0116240606592485	Lipids	
0.0116163287934288	Lipids	
0.0115646772497234	Amino acids	
0.0114756256661676	Xenobiotics	
0.0114424685260713	Xenobiotics	
0.0113868834193772	Xenobiotics	
0.0113554130394872	Amino acids	
0.0113545413060676	Lipids	
0.0113415337456347	Lipids	
0.0113180543932885	Lipids	
0.0113045975506815	Amino acids	
0.0113020726966769	Lipids	
0.0113006769170501	Lipids	
0.0112255159090987	Cofactors and vitamins	
0.0112119797175498	Uncharacterized molecules	
0.0111806024411605	Lipids	
0.0111292417764465	Lipids	
0.0109569886061532	Lipids	
0.0109213691218784	Carbohydrates	
0.0108809712306885	Amino acids	
0.0108791949922668	Cofactors and vitamins	
0.0108069048401329	Cofactors and vitamins	
0.0107929303637846	Lipids	
0.0107813635212591	Part. characterized molecules	
0.0107321986668816	Amino acids	
0.0107187216519376	Amino acids	
0.0106526519442735	Xenobiotics	
0.010646493372677	Amino acids	
0.0105734007115946	Cofactors and vitamins	
0.010534213811144	Amino acids	
0.0104603787278802	Lipids	
0.0104578716187879	Lipids	
0.0104573871635383	Part. characterized molecules	
0.0103491589498952	Uncharacterized molecules	
0.0103181158206473	Lipids	
0.0102680982437878	Amino acids	
0.0102611744984331	Amino acids	
0.0102400682410653	Uncharacterized molecules	
0.0102375590297473	Lipids	
0.0102128934565977	Part. characterized molecules	
0.0102057907805851	Uncharacterized molecules	
0.0101451560755952	Xenobiotics	
0.0100680770252219	Uncharacterized molecules	
0.010055984550243	Lipids	
0.0100294996155553	Xenobiotics	
0.0100031439067159	Lipids	
0.00992449538209978	Uncharacterized molecules	
0.00988063410033499	Lipids	
0.00984170431003722	Lipids	
0.00982085679563299	Amino acids	
0.00975624862959897	Nucleotides	
0.00975263527317303	Lipids	
0.00950006102038994	Amino acids	
0.00949167929217818	Lipids	
0.00948200641019249	Nucleotides	
0.00939187137624865	Part. characterized molecules	
0.00933853231518528	Lipids	
0.00933608419797391	Lipids	
0.00932410586295836	Amino acids	
0.00928048866994616	Lipids	
0.00924805125473379	Amino acids	
0.00923599407453771	Lipids	
0.00923368574092889	Peptides	
0.00919538628827699	Uncharacterized molecules	
0.00916439295644114	Uncharacterized molecules	
0.00906745669958621	Lipids	
0.00905243298309622	Xenobiotics	
0.00903982828105393	Amino acids	
0.00903669153368394	Xenobiotics	
0.00899995434933888	Lipids	
0.00897972647686391	Amino acids	
0.00896237302589305	Lipids	
0.00895721955205422	Part. characterized molecules	
0.00893871056678238	Uncharacterized molecules	
0.00874322466078374	Lipids	
0.00871619614629533	Nucleotides	
0.00871601751709332	Nucleotides	
0.0085497579853693	Lipids	
0.00850560120065859	Xenobiotics	
0.00845367752573029	Amino acids	
0.0084082345330943	Lipids	
0.00838271926546809	Lipids	
0.00834973203061414	Amino acids	
0.00828923012004456	Lipids	
0.00827726328998612	Amino acids	
0.00827599153312357	Lipids	
0.00827513631697474	Xenobiotics	
0.00804375759229709	Xenobiotics	
0.00795538901382895	Xenobiotics	
0.00793181383183848	Nucleotides	
0.007854428470333	Nucleotides	
0.00764852920810287	Amino acids	
0.00764407943294099	Lipids	
0.00760294583304673	Carbohydrates	
0.00752951625708203	Lipids	
0.0074201359902362	Cofactors and vitamins	
0.00741305974793267	Amino acids	
0.00739255720835246	Xenobiotics	
0.00737386722448242	Lipids	
0.00736180876389169	Lipids	
0.00733170529728797	Xenobiotics	
0.00731487906837882	Xenobiotics	
0.00728804942633097	Carbohydrates	
0.00726225395817889	Part. characterized molecules	
0.00721814348376295	Xenobiotics	
0.00719844595259799	Amino acids	
0.00718166279138609	Uncharacterized molecules	
0.00715509389509676	Uncharacterized molecules	
0.00712106960922043	Amino acids	
0.00709388718215485	Amino acids	
0.0070373862096589	Amino acids	
0.00701874562292814	Xenobiotics	
0.00694429627962582	Lipids	
0.00675671220666503	Amino acids	
0.00671250664930475	Part. characterized molecules	
0.00663862305657667	Xenobiotics	
0.00661767605773031	Xenobiotics	
0.00653611358218203	Carbohydrates	
0.00636007931467328	Xenobiotics	
0.00631620862251189	Xenobiotics	
0.00625482312909537	Cofactors and vitamins	
0.00618395868011004	Uncharacterized molecules	
0.00601461035947182	Xenobiotics	
0.00601278580366024	Lipids	
0.00600973314917642	Carbohydrates	
0.00599827788794267	Xenobiotics	
0.00588146763818521	Part. characterized molecules	
0.00584342357301958	Uncharacterized molecules	
0.00582156886655616	Peptides	
0.00580699577443219	Cofactors and vitamins	
0.00577678013258561	Xenobiotics	
0.00577446278345052	Amino acids	
0.00570672169257455	Xenobiotics	
0.00552324797582075	Xenobiotics	
0.00544834722592764	Lipids	
0.00541145220155902	Lipids	
0.00536420159398094	Uncharacterized molecules	
0.00529779126123356	Amino acids	
0.00529149304607269	Xenobiotics	
0.00497391844758091	Lipids	
0.00485476298076803	Uncharacterized molecules	
0.0047989050002196	Xenobiotics	
0.00478395109775718	Amino acids	
0.00477326771564732	Xenobiotics	
0.00470512993191268	Uncharacterized molecules	
0.00469492982280289	Uncharacterized molecules	
0.00466963298216994	Uncharacterized molecules	
0.00463826678705551	Xenobiotics	
0.00463191579803008	Nucleotides	
0.0044429938935082	Lipids	
0.00431161385781437	Uncharacterized molecules	
0.00408263053076217	Amino acids	
0.00371247982055331	Cofactors and vitamins	
0.00363117427878316	Lipids	
0.00360017715773206	Part. characterized molecules	
0.00350317962400176	Xenobiotics	
0.00341374973216012	Uncharacterized molecules	
0.00307703017796098	Lipids	
0.00302556528229029	Xenobiotics	
0.00269316668085533	Lipids	
0.00244444848139158	Uncharacterized molecules	
0.00231265192734307	Amino acids	
0.00222937889506606	Cofactors and vitamins	
0.00187860915149477	Amino acids	
0.00174846349666099	Uncharacterized molecules	
0.00162985771446812	Amino acids	
